name,family,build,meshes,footprint,parts,note,stationCount,stations,unity,source
excavator,equipment,excavator,21,3.05 x 4.83 x 10.78,trackL; trackR; house; door; boom; stick; bucket; lights; counterweight,"20 t tracked excavator, dig-ready",9,bk-bioretention-rain-garden-excavation; br-barge-loading-of-contaminated-sediment; br-culvert-retrofit-for-fish-passage; br-dredge-material-screening-and-disposal-decision; br-dredge-spoils-dewatering-pad; br-legacy-mercury-and-pcb-hotspot-handling; br-turbidity-curtain-deployment; br-water-quality-sonde-calibration-and-deploy; op-excavator-trench-and-utility-locate,yes,WebXR/shared/equipment.js EQUIPMENT_BUDGET
amphibiousExcavator,equipment,amphibiousExcavator,22,4.65 x 5.21 x 10.81,pontoonL; pontoonR; house; door; boom; stick; bucket; lights; counterweight,"amphibious pontoon excavator, dig-ready",2,br-bird-nesting-buffer-and-work-window; br-tidal-marsh-grading-amphibious-excavator,yes,WebXR/shared/equipment.js EQUIPMENT_BUDGET
backhoe,equipment,backhoe,23,2.36 x 3.75 x 7.46,loaderArms; loaderBucket; swingFrame; boom; stick; bucket; stabilizers; wheels; door; lights,"loader backhoe, travel pose",1,op-equipment-daily-walkaround-and-fluids,yes,WebXR/shared/equipment.js EQUIPMENT_BUDGET
skidSteer,equipment,skidSteer,12,1.83 x 2.07 x 3.31,arms; bucket; wheelsL; wheelsR; wheels; door; lights,wheeled skid steer,2,bt-rebar-tying-and-impalement-protection; ut-service-line-locate-and-hand-dig-near-gas-main,yes,WebXR/shared/equipment.js EQUIPMENT_BUDGET
dumpTruck,equipment,dumpTruck,20,3.02 x 3.26 x 9.57,bed; tailgate; hoist; doorL; doorR; mirrorL; mirrorR; wheels; lights,tri-axle dump truck,4,bk-street-drain-trash-capture-cleanout; br-legacy-mercury-and-pcb-hotspot-handling; mm-haul-truck-berm; op-loader-truck-loading-and-blind-spots,yes,WebXR/shared/equipment.js EQUIPMENT_BUDGET
mobileCrane,equipment,mobileCrane,27,2.96 x 3.49 x 11.46,outriggers; house; counterweight; cabDoor; boom; boomSections; hook; wheels; lights,"rough-terrain crane, travel pose",4,br-trash-capture-device-service; bs-tandem-lift-girder-set; gl-glass-handling-cart-and-crane-vacuum-lifter; rl-critical-lift-plan-and-signalperson,yes,WebXR/shared/equipment.js EQUIPMENT_BUDGET
aerialBoomLift,equipment,aerialBoomLift,19,2.42 x 2.61 x 9,turntable; boom; boomTele; jib; platform; controls; groundControls; wheels; beacon,"60 ft telescopic boom lift, stowed",2,bs-tandem-lift-girder-set; fp-anchor-selection-and-rescue-plan,yes,WebXR/shared/equipment.js EQUIPMENT_BUDGET
scissorLift,equipment,scissorLift,15,1.16 x 2.34 x 2.3,scissors; platform; extensionDeck; controls; gate; potholeGuards; wheels; beacon,"26 ft slab scissor, stowed",3,le-followspot-and-truss-access-at-height; tw-high-bay-order-picker-fall-protection; ws-data-hall-busway-install-and-torque-signoff,yes,WebXR/shared/equipment.js EQUIPMENT_BUDGET
compactor,equipment,compactor,14,2.4 x 3.12 x 5.68,frontFrame; drum; wheels; rops; seat; controls; lights; beacon,single-drum soil compactor,2,cm-curb-and-gutter-forms-and-finish; op-compactor-lift-thickness-and-edge,yes,WebXR/shared/equipment.js EQUIPMENT_BUDGET
generatorTrailer,equipment,generatorTrailer,14,1.9 x 2.41 x 4.54,doorL; doorR; controlPanel; eStop; wheels; jack; lights,towable diesel generator,4,br-surface-supplied-dive-station-setup; cs-ventilation-and-air-monitoring-plan; le-crowd-barricade-and-show-stop-call; ut-night-storm-response-crew-and-portable-generator,yes,WebXR/shared/equipment.js EQUIPMENT_BUDGET
lightTower,equipment,lightTower,17,2.34 x 9.29 x 3.49,mast; mastUpper; lamps; outriggers; controlPanel; wheels; jack,"towable light tower, raised",1,le-crowd-barricade-and-show-stop-call,yes,WebXR/shared/equipment.js EQUIPMENT_BUDGET
lightTower:stowed,equipment,lightTower,17,1.58 x 1.77 x 4.81,mast; mastUpper; lamps; outriggers; controlPanel; wheels; jack,"towable light tower, stowed for tow",1,le-crowd-barricade-and-show-stop-call,yes,WebXR/shared/equipment.js EQUIPMENT_BUDGET
concretePump,equipment,concretePump,16,2.04 x 1.58 x 4.95,hopper; grate; outlet; controlPanel; outriggers; wheels; jack; lights,trailer line pump,1,bt-formwork-stripping-and-reshoring,yes,WebXR/shared/equipment.js EQUIPMENT_BUDGET
craneSpreader,equipment,craneSpreader,18,2.49 x 2.17 x 12.45,headblock; telescopeFore; telescopeAft; twistlocks; flippers; indicators; landed; locked; unlocked,"telescopic container spreader, 40 ft",1,po-lashing-gear-inspection-and-tagging,yes,WebXR/shared/equipment.js EQUIPMENT_BUDGET
dozer,equipment,dozer,20,3.2 x 3.01 x 5.35,trackL; trackR; blade; ripper; rops; seat; controls; lights,"mid-size crawler dozer, blade down",1,op-dozer-slope-work-and-rollover-protection,yes,WebXR/shared/equipment.js EQUIPMENT_BUDGET
wheelLoader,equipment,wheelLoader,17,2.6 x 3.9 x 7.53,arms; bucket; wheels; door; lights,"articulated wheel loader, 3-4 yd bucket",1,op-loader-truck-loading-and-blind-spots,yes,WebXR/shared/equipment.js EQUIPMENT_BUDGET
grader,equipment,grader,15,3.7 x 3.2 x 13.35,moldboard; circle; frontWheel; wheels; door; lights,"motor grader, blade down",1,op-grader-fine-grade-and-crown,yes,WebXR/shared/equipment.js EQUIPMENT_BUDGET
ranchGrader,equipment,ranchGrader,17,2.07 x 2.86 x 8.24,rops; seat; controls; wheels; blade; lights; beacon,"motor grader, blade down for a finish pass",1,or-ranch-road-grading-and-culvert,yes,WebXR/shared/equipment.js EQUIPMENT_BUDGET
crawlerCrane,equipment,crawlerCrane,18,4.76 x 7.3 x 14.81,trackL; trackR; house; counterweight; cabDoor; boom; boomSections; hook; lights,"lattice-boom crawler crane, boom raised",1,op-crawler-crane-assembly-and-load-chart,yes,WebXR/shared/equipment.js EQUIPMENT_BUDGET
pileDrivingRig,equipment,pileDrivingRig,20,3.94 x 13.28 x 5,trackL; trackR; house; raisingBoom; leads; hammer; gate; cabDoor; lights,"crawler pile driving rig, leads erected",1,op-pile-driving-rig-and-lead-setup,yes,WebXR/shared/equipment.js EQUIPMENT_BUDGET
regionalJet,equipment,regionalJet,26,5.18 x 2.81 x 5.19,fuselage; wingL; wingR; tailfin; engineL; engineR; noseGear; mainGearL; mainGearR; doorFwd; cargoDoor; servicePanel,"stylised single-aisle regional jet, gear down",8,av-baggage-belt-loader-and-hold-loading; av-borescope-and-tool-control-inventory; av-deicing-truck-boom-operations; av-ground-power-and-static-bonding-before-fuel; av-hangar-jacking-and-stands; av-lavatory-and-potable-water-separation; av-marshalling-and-wingwalker-signals; av-pushback-tug-and-towbar-connection,yes,WebXR/shared/equipment.js EQUIPMENT_BUDGET
pushbackTug,equipment,pushbackTug,11,1.9 x 1.43 x 4.24,cabDoor; wheelsF; wheelsR; towbarArm; beacon,pushback tug with towbar and shoe,1,av-pushback-tug-and-towbar-connection,yes,WebXR/shared/equipment.js EQUIPMENT_BUDGET
groundPowerUnit,equipment,groundPowerUnit,10,1.21 x 1.02 x 2.47,cableReel; bondingReel; controlPanel; wheels,towable ground power cart with a static-bonding reel,1,av-ground-power-and-static-bonding-before-fuel,yes,WebXR/shared/equipment.js EQUIPMENT_BUDGET
cargoBeltLoader,equipment,cargoBeltLoader,9,1.38 x 1.68 x 5.04,beltRamp; controlPanel; wheels; wheelsF,"self-propelled cargo belt loader, ramp raised",1,av-baggage-belt-loader-and-hold-loading,yes,WebXR/shared/equipment.js EQUIPMENT_BUDGET
deicingTruck,equipment,deicingTruck,12,2.52 x 4.78 x 7.65,cabDoor; wheelsF; wheelsM; wheelsR; boomBase; boomArm; basket,"deicing truck, boom stowed along the tank",1,av-deicing-truck-boom-operations,yes,WebXR/shared/equipment.js EQUIPMENT_BUDGET
serviceCart,equipment,serviceCart,10,1.73 x 1.77 x 4.05,hoseReel; serviceValve; wheels,lavatory service truck,1,av-lavatory-and-potable-water-separation,yes,WebXR/shared/equipment.js EQUIPMENT_BUDGET
serviceCart:potable,equipment,serviceCart,10,1.73 x 1.77 x 4.05,hoseReel; serviceValve; wheels,potable water service truck,1,av-lavatory-and-potable-water-separation,yes,WebXR/shared/equipment.js EQUIPMENT_BUDGET
fuelTruck,equipment,fuelTruck,14,3.08 x 2.8 x 9.88,cabDoor; wheelsF; wheelsM; wheelsR; hoseReel; nozzleMount; dispensePanel,ramp fuel truck with a rear hose reel,1,av-ground-power-and-static-bonding-before-fuel,yes,WebXR/shared/equipment.js EQUIPMENT_BUDGET
cabinInterior,equipment,cabinInterior,23,3.24 x 2.13 x 4.13,overheadBinL; overheadBinR; oxygenPanel; galley; galleyCart; door,"single-aisle cabin section: two 3+3 seat rows, overhead bins, a galley and cart, and the forward door",6,ca-cabin-decompression-and-oxygen-masks; ca-cabin-medical-event-response; ca-cabin-preflight-safety-check; ca-door-evacuation-drill; ca-galley-and-cart-safety; ca-unruly-passenger-deescalation,yes,WebXR/shared/equipment.js EQUIPMENT_BUDGET
cleanRoomBay,equipment,cleanRoomBay,11,5 x 3.03 x 4,airShowerDoor; esdTester; esdLamp; workBench; filterGrid,"cleanroom bay: gowning bench, air-shower door, ESD tester, grounded bench, filter grid",2,ad-cleanroom-gowning-and-esd-discipline; ad-payload-crane-lift-with-a-lift-plan,yes,WebXR/shared/equipment.js EQUIPMENT_BUDGET
testStand,equipment,testStand,10,4.4 x 2.88 x 4.4,frame; deflector; beacon; gate; controlWindow,"generic propulsion test stand pad with deflector, bunkered window, hold beacon and exclusion gate",1,ad-test-stand-exclusion-zone-and-holds,yes,WebXR/shared/equipment.js EQUIPMENT_BUDGET
depotHangarBay,equipment,depotHangarBay,37,8 x 4 x 7,jet; toolCrib; workStand; servicingCart; spillKit; dripPan,"depot hangar bay around the shared regionalJet, with tool crib, work stand and fluid-servicing cart",2,ad-depot-tool-control-and-fod-walk; ad-hazardous-fluid-servicing-with-a-buddy,yes,WebXR/shared/equipment.js EQUIPMENT_BUDGET
robotCell,equipment,robotCell,16,4 x 2.02 x 4,base; upperArm; foreArm; wrist; gate; lightCurtain; stackLight; disconnect,"fenced six-axis robot cell with light curtain, interlocked gate, stack light and lockable disconnect",3,ad-robot-cell-lockout-and-safe-reentry; rt-robot-estop-recovery-and-restart; rt-teach-pendant-safe-jogging,yes,WebXR/shared/equipment.js EQUIPMENT_BUDGET
cobotBench,equipment,cobotBench,10,3 x 1.53 x 2.2,arm; elbow; gripper; scanner; zoneWarn; zoneStop,collaborative robot bench with area scanner and painted separation zones,6,ad-cobot-risk-assessment-and-speed-separation; rp-robot-policy-evaluation-review; rp-teleop-demonstration-collection; rt-cobot-power-force-limit-check; rt-speed-separation-monitoring-setup; vb-supervising-agent-dispatched-robots,yes,WebXR/shared/equipment.js EQUIPMENT_BUDGET
amrRobot,equipment,amrRobot,7,0.68 x 0.41 x 0.92,liftPlate; statusRing; lidar,"autonomous mobile robot (AMR/AGV), low chassis on caster feet",2,ad-amr-fleet-traffic-and-estop-drill; tw-amr-traffic-zone-entry-and-lockout,yes,WebXR/shared/equipment.js EQUIPMENT_BUDGET
conveyorSection,equipment,conveyorSection,5,0.6 x 0.79 x 1.2,guard; estopCord; rollers,roller-conveyor bed section with nip-point guard and pull-cord E-stop,5,ml-flat-sorter-guarding-and-lockout; ml-parcel-sorter-conveyor-jam-and-loto; ml-suspicious-package-protocol; tw-conveyor-jam-clearing-and-loto; tw-pick-to-light-ergonomics-and-rotation,yes,WebXR/shared/equipment.js EQUIPMENT_BUDGET
dockLevelerBay,equipment,dockLevelerBay,10,2.3 x 2.49 x 2.1,leverPlate; lip; restraintArm; dockLightRed; dockLightGreen; restraintLightRed; restraintLightGreen,"dock leveler, lip, dock bumpers and ICC bar vehicle restraint",2,ml-mail-handler-forklift-and-container-dock; tw-dock-leveler-and-trailer-restraint-check,yes,WebXR/shared/equipment.js EQUIPMENT_BUDGET
roboticPalletizer,equipment,roboticPalletizer,8,1.24 x 2.9 x 2.58,turret; upperArm; foreArm; wrist; turntable,"articulated palletizer arm on a pedestal, with a build-pallet turntable",1,tw-palletizer-cell-fenced-access-permit,yes,WebXR/shared/equipment.js EQUIPMENT_BUDGET
batteryChargingStation,equipment,batteryChargingStation,6,1 x 1.67 x 0.8,beacon; cable,lift-truck battery charger cabinet with a spill containment tray,1,tw-battery-change-and-charging-bay-safety,yes,WebXR/shared/equipment.js EQUIPMENT_BUDGET
rollingMillStand,equipment,rollingMillStand,16,3.86 x 3.1 x 5,housingL; housingR; workRollTop; workRollBottom; backupRollTop; backupRollBottom; screwdown; guardGate; entryTable; exitTable,four-high hot-strip mill stand with an entry/exit roller table,1,mm-hot-strip-mill-stand,yes,WebXR/shared/equipment.js EQUIPMENT_BUDGET
ladleCrane,equipment,ladleCrane,10,2.7 x 3.21 x 1.16,bridge; trolley; hookBlock; ladleBody; ladleTrunnion; pourLip,"overhead ladle crane, ladle hanging free to tilt on its trunnions",1,mm-ladle-pour,yes,WebXR/shared/equipment.js EQUIPMENT_BUDGET
windTurbine,equipment,windTurbine,20,16.36 x 32.65 x 6.3,tower; towerDoor; ladder; fallArrestRail; nacelle; hatch; serviceCrane; yawDeck; hub; blades,"utility wind turbine at a stylised scale: tower door, ladder with fall-arrest rail, nacelle hatch and service crane, three blades",1,ws-turbine-climb-and-rescue-kit-check,yes,WebXR/shared/equipment.js EQUIPMENT_BUDGET
dataHall,equipment,dataHall,19,7.2 x 3.9 x 6.4,floor; liftTile; tileVoid; racksA; racksB; busway; tapBox; crah; crahAlarm; suppressionPanel; abortSwitch,"data-hall module: raised floor with a lifting tile, hot and cold aisles, racks, busway, CRAH and suppression panel",0,,yes,WebXR/shared/equipment.js EQUIPMENT_BUDGET
oceanDataPod,equipment,oceanDataPod,12,2.24 x 4.43 x 6.15,pod; frame; hatch; hatchBolts; cable; bridle; masterLink; leakLamp,"sealed ocean data pod on a seabed skid with a service hatch, cable, bridle and leak lamp",1,ws-ocean-pod-retrieval-and-hatch-opening,yes,WebXR/shared/equipment.js EQUIPMENT_BUDGET
continuousMinerFront,equipment,continuousMinerFront,12,3.09 x 1.28 x 4.44,trackL; trackR; chassis; gatheringArmL; gatheringArmR; cuttingDrum; boomConveyor; cabGuard,"continuous mining machine cutting end, low profile for a coal seam",1,mm-continuous-miner-face,yes,WebXR/shared/equipment.js EQUIPMENT_BUDGET
semiTractor,vehicle,semiTractor,24,3.02 x 3.95 x 6.86,doorL; doorR; mirrorL; mirrorR; hood; wheels; lights; headlights; markerLights; tailLights; fifthWheel; fifthWheelRelease; gladHandService; gladHandEmergency,"Class 8 day cab, tandem drive, fifth wheel, air lines and glad hands",2,tdl-cargo-securement-and-hours; tdl-coupling-and-uncoupling,yes,WebXR/shared/fleet.js FLEET_BUDGET
semiTractor:sleeper,vehicle,semiTractor,24,3.02 x 4 x 8.66,doorL; doorR; mirrorL; mirrorR; wheels; lights; fifthWheel; gladHandService; gladHandEmergency,Class 8 raised-roof sleeper,2,tdl-cargo-securement-and-hours; tdl-coupling-and-uncoupling,yes,WebXR/shared/fleet.js FLEET_BUDGET
trailer:dryVan,vehicle,trailer,14,2.63 x 4.11 x 16.27,doorL; doorR; wheels; landingGear; gladHands; lights,"53 ft dry van, swing doors, conspicuity tape",3,po-yard-hostler-and-pedestrian-separation; tdl-air-brake-test; tdl-coupling-and-uncoupling,yes,WebXR/shared/fleet.js FLEET_BUDGET
trailer:flatbed,vehicle,trailer,13,2.66 x 1.53 x 14.69,wheels; landingGear; gladHands; lights; stakePockets; winches,48 ft flatbed with stake pockets and winches,3,po-yard-hostler-and-pedestrian-separation; tdl-air-brake-test; tdl-coupling-and-uncoupling,yes,WebXR/shared/fleet.js FLEET_BUDGET
trailer:reefer,vehicle,trailer,17,2.63 x 4.11 x 16.7,doorL; doorR; wheels; landingGear; gladHands; lights; reeferUnit,53 ft reefer with nose-mounted unit,3,po-yard-hostler-and-pedestrian-separation; tdl-air-brake-test; tdl-coupling-and-uncoupling,yes,WebXR/shared/fleet.js FLEET_BUDGET
trailer:tanker,vehicle,trailer,14,2.63 x 3.26 x 12.94,wheels; landingGear; gladHands; lights; manholes; valves,"42 ft DOT-406 style tanker, placarded 3 / 1203",3,po-yard-hostler-and-pedestrian-separation; tdl-air-brake-test; tdl-coupling-and-uncoupling,yes,WebXR/shared/fleet.js FLEET_BUDGET
trailer:pup,vehicle,trailer,13,2.63 x 4.11 x 8.65,doorL; doorR; wheels; landingGear; gladHands; lights,28 ft single-axle pup van,3,po-yard-hostler-and-pedestrian-separation; tdl-air-brake-test; tdl-coupling-and-uncoupling,yes,WebXR/shared/fleet.js FLEET_BUDGET
tractorTrailer,vehicle,tractorTrailer,38,3.02 x 4.11 x 20.71,tractor; trailer,day cab coupled to a 53 ft dry van,7,drive-backing-serpentine-and-alley-dock; drive-city-route-and-turns; drive-freeway-merge-and-following-distance; drive-mountain-grade-and-engine-brake; drive-night-fog-and-rail-crossing; tdl-air-brake-test; tdl-pretrip-inspection,yes,WebXR/shared/fleet.js FLEET_BUDGET
boxTruck,vehicle,boxTruck,21,3.02 x 4.05 x 10,doorL; doorR; mirrorL; mirrorR; wheels; lights; rearDoor,"Class 6, 26 ft box, roll-up door",3,br-shoreline-cleanup-sharps-and-hazardous-debris; md-newsroom-storm-scene-and-live-truck-mast; tdl-cargo-securement-and-hours,yes,WebXR/shared/fleet.js FLEET_BUDGET
pickup,vehicle,pickup,17,2.39 x 1.93 x 5.92,doorFL; doorFR; doorRL; doorRR; wheels; mirrorL; mirrorR; lights; tailgate,full-size crew cab,13,bk-bioretention-rain-garden-excavation; br-levee-inspection-and-seepage; br-native-planting-and-erosion-mats; br-trash-capture-device-service; bs-bearing-replacement-and-jacking; bs-structural-bolting-and-torque; bt-masonry-wall-layout-and-mortar; cs-non-entry-retrieval-and-tripod; cs-permit-entry-and-attendant-duties; or-transmission-line-right-of-way-patrol; ut-gas-meter-set-and-regulator-vent; ut-night-storm-response-crew-and-portable-generator; ws-blade-inspection-from-a-platform,yes,WebXR/shared/fleet.js FLEET_BUDGET
sedan,vehicle,sedan,17,2.23 x 1.45 x 4.92,doorFL; doorFR; doorRL; doorRR; wheels; mirrorL; mirrorR; lights; trunk,mid-size four-door,10,bs-bearing-replacement-and-jacking; cm-curb-and-gutter-forms-and-finish; drive-city-route-and-turns; drive-freeway-merge-and-following-distance; drive-light-vehicle-fleet-and-forklift-course; drive-mountain-grade-and-engine-brake; ed-crossing-guard-intersection-control; md-location-shoot-traffic-control-and-heat-hydration; ut-hydrant-flow-test-and-flushing-with-traffic-control; ut-night-storm-response-crew-and-portable-generator,yes,WebXR/shared/fleet.js FLEET_BUDGET
cargoVan,vehicle,cargoVan,18,2.41 x 2.72 x 5.99,doorL; doorR; doorSlide; doorRearL; doorRearR; wheels; mirrorL; mirrorR; lights,high-roof cargo van,5,br-intertidal-invasive-removal-by-hand-crew; br-sediment-chain-of-custody-and-lab-prep; cs-ventilation-and-air-monitoring-plan; et-ev-fleet-depot-charging-and-arc-flash; md-location-shoot-traffic-control-and-heat-hydration,yes,WebXR/shared/fleet.js FLEET_BUDGET
deliveryVan,vehicle,deliveryVan,18,2.41 x 2.42 x 4.66,doorCurb; doorRearL; doorRearR; wheels; mirrorL; mirrorR; markerLights; lights,"right-hand-drive walk-in postal delivery van, single curb-side door, no traffic-side door",3,ml-delivery-van-pretrip-and-route-loading; ml-dog-and-hazard-awareness-on-route; ml-heat-and-cold-stress-on-route,yes,WebXR/shared/fleet.js FLEET_BUDGET
ambulance,vehicle,ambulance,25,2.62 x 3.13 x 7.06,doorL; doorR; doorSide; doorRearL; doorRearR; compartments; warningLights; wheels; mirrorL; mirrorR; lights,"Type III, generic markings, rear chevrons",2,firefighter-rehab-sector; hz-decon-corridor-for-a-mass-casualty-drill,yes,WebXR/shared/fleet.js FLEET_BUDGET
fireEngine,vehicle,fireEngine,28,3.2 x 3.23 x 10.25,doorL; doorR; doorCrewL; doorCrewR; pumpPanel; pumpControls; hoseBed; ladder; compartments; warningLights; wheels; mirrorL; mirrorR; lights,"pumper: pump panel, hose bed, roof ladders",0,,yes,WebXR/shared/fleet.js FLEET_BUDGET
bucketTruck,vehicle,bucketTruck,32,3.3 x 3.44 x 9.6,doorL; doorR; mirrorL; mirrorR; wheels; lights; turret; boom; boomUpper; bucket; outriggers; compartments; controls,"insulated aerial device, articulated turret-boom-bucket",0,,yes,WebXR/shared/fleet.js FLEET_BUDGET
busTransit,vehicle,busTransit,16,3.3 x 3.26 x 12.42,doorFront; doorRear; destinationSign; wheels; mirrorL; mirrorR; lights,40 ft low-floor,2,bus-depot-lift; tr-wheelchair-lift-and-securement-on-a-bus,yes,WebXR/shared/fleet.js FLEET_BUDGET
schoolBus,vehicle,schoolBus,33,3.16 x 3.1 x 10.79,doorEntry; doorRear; mirrorL; mirrorR; crossviewMirror; wheels; lights; stopArm; crossingGate; warningLights,"Type C conventional, 35 ft, 8-way warning lights, stop arm and crossing gate",1,ed-bus-pretrip-and-loading-zone,yes,WebXR/shared/fleet.js FLEET_BUDGET
forkliftCounterbalance,vehicle,forkliftCounterbalance,21,1.12 x 2.28 x 3.57,mast; innerMast; carriage; forks; overheadGuard; counterweight; lpgTank; seat; controls; beacon; wheels; lights,"5,000 lb LPG counterbalance",9,drive-backing-serpentine-and-alley-dock; drive-light-vehicle-fleet-and-forklift-course; forklift-dock; hz-drum-staging-and-compatibility-segregation; ml-mail-handler-forklift-and-container-dock; tdl-trailer-loading-and-dock-plate; tw-battery-change-and-charging-bay-safety; tw-cold-storage-ppe-and-rotation; tw-dock-leveler-and-trailer-restraint-check,yes,WebXR/shared/fleet.js FLEET_BUDGET
yardHustler,vehicle,yardHustler,19,2.91 x 3.43 x 5.61,doorL; doorRear; mirrorL; mirrorR; wheels; fifthWheel; gladHandService; gladHandEmergency; beacon; lights,"terminal tractor, lifting fifth wheel",4,ml-delivery-van-pretrip-and-route-loading; po-yard-hostler-and-pedestrian-separation; tdl-pretrip-inspection; tdl-trailer-loading-and-dock-plate,yes,WebXR/shared/fleet.js FLEET_BUDGET
workboat,boat,workboat,16,3.15 x 3.45 x 8.18,wheelhouseDoor; outboards; davit; navLights; portLight; starboardLight; mastheadLight,7.6 m aluminium workboat,16,br-benthic-grab-and-invertebrate-sorting; br-boom-towing-between-two-vessels; br-cold-water-immersion-and-mob-recovery; br-dive-site-hazard-assessment-and-jsa; br-dive-tender-and-umbilical-management; br-dredge-material-screening-and-disposal-decision; br-hyperbaric-chamber-standby; br-marine-mammal-observer-during-pile-driving; br-sediment-chain-of-custody-and-lab-prep; br-surface-supplied-dive-station-setup; br-turbidity-curtain-deployment; br-vhf-and-navigation-in-a-work-zone; br-water-quality-sonde-calibration-and-deploy; br-workboat-crane-lift-from-water; cd-rov-launch-recovery-and-tether-management; me-water-column-sampling-from-a-small-boat,yes,WebXR/shared/fleet.js FLEET_BUDGET
motorYacht,boat,motorYacht,35,6.72 x 8.01 x 24.23,saloonDoor; helm; bowCleats; springCleats; sternCleats; fuelFill; shorePowerInlet; engineHatch; davit; tender; fenders; lifeRing; navLights; portLight; starboardLight; mastheadLight; sternLight,"24 m motor yacht: flybridge, swim platform, tender in a davit, shore-power inlet",6,yc-fuel-dock-transfer-and-spill-kit; yc-line-handling-and-docking-in-crosswind; yc-man-overboard-recovery-drill; yc-pre-departure-safety-briefing-and-guest-count; yc-shore-power-connection-and-in-water-electrical-safety; yc-tender-launch-and-guest-transfer,yes,WebXR/shared/fleet.js FLEET_BUDGET
yachtTender,boat,yachtTender,15,1.89 x 1.52 x 4.55,outboard; killCord; console; bowEye; sternCleat; fuelTank; navLight,4.2 m rigid inflatable tender with an outboard and a kill-cord,1,yc-tender-launch-and-guest-transfer,yes,WebXR/shared/fleet.js FLEET_BUDGET
skiff,boat,skiff,17,2.11 x 1.79 x 5.69,outboard; console; killSwitch; bowCleat; sternCleat; navLights; portLight; starboardLight; sternLight,5.2 m aluminium centre-console skiff,13,br-beach-seine-fish-survey-and-handling; br-bird-nesting-buffer-and-work-window; br-boom-towing-between-two-vessels; br-cold-water-immersion-and-mob-recovery; br-debris-skimmer-vessel-operations; br-derelict-vessel-salvage-rigging; br-drone-shoreline-survey; br-marine-mammal-observer-during-pile-driving; br-vhf-and-navigation-in-a-work-zone; br-volunteer-cleanup-day-safety-lead; cd-scientific-scuba-buddy-check-and-lost-buddy-drill; me-eelgrass-seed-collection-and-nursery; me-oyster-reef-monitoring-and-settlement-tiles,yes,WebXR/shared/fleet.js FLEET_BUDGET
deckBarge,boat,deckBarge,13,6.24 x 2.7 x 16,bitts; ladder,"16 m flat steel deck barge, raked ends",2,br-barge-loading-of-contaminated-sediment; br-vhf-and-navigation-in-a-work-zone,yes,WebXR/shared/fleet.js FLEET_BUDGET
deckBarge:hopper,boat,deckBarge,16,6.24 x 3.1 x 16,bitts; ladder; coaming; liner; load,deck barge with a lined sediment hopper,2,br-barge-loading-of-contaminated-sediment; br-vhf-and-navigation-in-a-work-zone,yes,WebXR/shared/fleet.js FLEET_BUDGET
salvageCraneBarge,boat,salvageCraneBarge,30,7.24 x 13.59 x 18,house; boom; hook; hoistLine; counterweight; cabDoor; spuds; bitts; ladder,18 m spud barge with a revolving lattice-boom crane,2,br-derelict-vessel-salvage-rigging; br-marine-mammal-observer-during-pile-driving,yes,WebXR/shared/fleet.js FLEET_BUDGET
skimmerVessel,boat,skimmerVessel,20,4.22 x 4.1 x 12.21,conveyor; basket; sweepArms; tankHatch; wheelhouseDoor; navLights; portLight; starboardLight; mastheadLight,11 m catamaran debris and oil skimmer,1,br-debris-skimmer-vessel-operations,yes,WebXR/shared/fleet.js FLEET_BUDGET
deckCrane,boat,deckCrane,12,0.95 x 4.58 x 4.65,slew; mainBoom; jib; hook; controls,pedestal knuckle-boom deck crane,2,br-workboat-crane-lift-from-water; ws-ocean-pod-retrieval-and-hatch-opening,yes,WebXR/shared/fleet.js FLEET_BUDGET
derelictBoat,boat,derelictBoat,12,2.99 x 3.9 x 9,hatch; cleats; slingPoints; fuelVent,"9 m derelict sailboat, dismasted and fouled",1,br-derelict-vessel-salvage-rigging,yes,WebXR/shared/fleet.js FLEET_BUDGET
spudBarge,boat,spudBarge,20,6.38 x 6.72 x 12.2,spuds; bitts; coaming; sump; navLights; portLight; starboardLight,12.2 m sectional spud barge with spill coaming,4,br-dredge-material-screening-and-disposal-decision; br-dredge-spoils-dewatering-pad; br-turbidity-curtain-deployment; br-water-quality-sonde-calibration-and-deploy,yes,WebXR/shared/fleet.js FLEET_BUDGET
rov,boat,rov,9,0.62 x 0.55 x 1.01,thrusters; camera; lights; manipulator; tetherPoint,"observation-class ROV, four thrusters, camera dome, manipulator",1,cd-rov-launch-recovery-and-tether-management,yes,WebXR/shared/fleet.js FLEET_BUDGET
jerseyBarrier,prop,jerseyBarrier,1,0.61 x 0.81 x 3.05,,"concrete F-shape traffic barrier, 10 ft run",0,,no,WebXR/shared/props.js PROPS_BUDGET
waterBarrier,prop,waterBarrier,2,0.5 x 0.79 x 1.83,,plastic water/sand-filled lane barrier,1,md-location-shoot-traffic-control-and-heat-hydration,no,WebXR/shared/props.js PROPS_BUDGET
coneCluster,prop,coneCluster,9,1 x 0.71 x 0.84,,three traffic cones in a triangle,1,md-location-shoot-traffic-control-and-heat-hydration,no,WebXR/shared/props.js PROPS_BUDGET
lightMast,prop,lightMast,10,1.3 x 9 x 0.5,lamps,"fixed site light mast, four heads, lit at night",0,,no,WebXR/shared/props.js PROPS_BUDGET
portableToilet,prop,portableToilet,4,1.26 x 2.32 x 1.26,door,single-unit portable toilet,0,,no,WebXR/shared/props.js PROPS_BUDGET
siteOffice,prop,siteOffice,6,2.45 x 3.1 x 6.49,door,20 ft portable site office,2,cd-dive-records-and-incident-review; md-location-shoot-traffic-control-and-heat-hydration,no,WebXR/shared/props.js PROPS_BUDGET
dumpster,prop,dumpster,4,1.37 x 1.26 x 1.83,lidL; lidR,front-load construction dumpster,4,op-equipment-daily-walkaround-and-fluids; op-excavator-trench-and-utility-locate; op-loader-truck-loading-and-blind-spots; tw-conveyor-jam-clearing-and-loto,no,WebXR/shared/props.js PROPS_BUDGET
scaffoldTower,prop,scaffoldTower,14,1.4 x 4 x 1.4,,two-lift scaffold tower with platform and guardrail,1,av-hangar-jacking-and-stands,no,WebXR/shared/props.js PROPS_BUDGET
palletStack,prop,palletStack,4,1.04 x 1.7 x 1.24,,three loaded pallets under shrink film,12,av-baggage-belt-loader-and-hold-loading; ml-flat-sorter-guarding-and-lockout; ml-mail-handler-forklift-and-container-dock; ml-parcel-sorter-conveyor-jam-and-loto; ml-suspicious-package-protocol; tw-amr-traffic-zone-entry-and-lockout; tw-cold-storage-ppe-and-rotation; tw-conveyor-jam-clearing-and-loto; tw-dock-leveler-and-trailer-restraint-check; tw-high-bay-order-picker-fall-protection; tw-palletizer-cell-fenced-access-permit; tw-pick-to-light-ergonomics-and-rotation,no,WebXR/shared/props.js PROPS_BUDGET
cableSpool,prop,cableSpool,3,0.9 x 1.5 x 1.5,,"wound cable reel, standing on its rim",3,op-compactor-lift-thickness-and-edge; op-dozer-slope-work-and-rollover-protection; op-excavator-trench-and-utility-locate,no,WebXR/shared/props.js PROPS_BUDGET
fireHydrant,prop,fireHydrant,6,0.38 x 0.78 x 0.46,,dry-barrel fire hydrant,1,ut-hydrant-flow-test-and-flushing-with-traffic-control,no,WebXR/shared/props.js PROPS_BUDGET
bollardRow,prop,bollardRow,10,6.16 x 1.08 x 0.16,,row of five steel bollards,0,,no,WebXR/shared/props.js PROPS_BUDGET
parkBench,prop,parkBench,7,1.8 x 0.94 x 0.5,,slatted park bench,1,gk-string-trimmer-and-blower-ppe-and-bystander-zone,no,WebXR/shared/props.js PROPS_BUDGET
streetTree:small,prop,streetTree,5,2.48 x 4.46 x 2.4,,young street tree in a tree grate,1,gk-tree-work-pole-saw-and-drop-zone,no,WebXR/shared/props.js PROPS_BUDGET
streetTree:medium,prop,streetTree,5,3.93 x 6.52 x 3.8,,established street tree in a tree grate,1,gk-tree-work-pole-saw-and-drop-zone,no,WebXR/shared/props.js PROPS_BUDGET
streetTree:large,prop,streetTree,5,5.8 x 9.02 x 5.6,,mature street tree in a tree grate,1,gk-tree-work-pole-saw-and-drop-zone,no,WebXR/shared/props.js PROPS_BUDGET
shrubBed,prop,shrubBed,6,2.3 x 0.72 x 1,,"curbed planting bed, five shrubs",2,gk-pesticide-and-fertilizer-application-per-the-label; gk-ride-on-mower-pre-start-and-slope-work,no,WebXR/shared/props.js PROPS_BUDGET
fencePanel,prop,fencePanel,5,3.05 x 1.9 x 0.07,,10 ft chain-link fence panel,3,op-dozer-slope-work-and-rollover-protection; op-grader-fine-grade-and-crown; tw-palletizer-cell-fenced-access-permit,no,WebXR/shared/props.js PROPS_BUDGET
fencePanel:gate,prop,fencePanelGate,6,3.05 x 1.9 x 0.07,gate,chain-link fence panel with a swinging gate leaf,2,ed-playground-equipment-inspection; tw-palletizer-cell-fenced-access-permit,no,WebXR/shared/props.js PROPS_BUDGET
shippingContainer,prop,shippingContainer,5,2.44 x 2.65 x 6.06,doorL; doorR,"20 ft ISO shipping container, oxide red",2,ml-mail-handler-forklift-and-container-dock; op-pile-driving-rig-and-lead-setup,no,WebXR/shared/props.js PROPS_BUDGET
shippingContainer:blue,prop,shippingContainer,5,2.44 x 2.65 x 6.06,doorL; doorR,"20 ft ISO shipping container, marine blue",2,ml-mail-handler-forklift-and-container-dock; op-pile-driving-rig-and-lead-setup,no,WebXR/shared/props.js PROPS_BUDGET
fuelTank,prop,fuelTank,4,2.2 x 1.38 x 1.16,gauge,skid fuel tank on a twin saddle stand,1,op-equipment-daily-walkaround-and-fluids,no,WebXR/shared/props.js PROPS_BUDGET
generatorSkid,prop,generatorSkid,6,1 x 1.34 x 2.2,stack; controlPanel,diesel generator on a skid,0,,no,WebXR/shared/props.js PROPS_BUDGET
counterweightStack,prop,counterweightStack,5,2.5 x 1.5 x 1,,"mobile crane counterweight, five slabs",1,op-crawler-crane-assembly-and-load-chart,no,WebXR/shared/props.js PROPS_BUDGET
picnicTable,prop,picnicTable,5,1.6 x 0.9 x 1.5,,A-frame picnic table,0,,no,WebXR/shared/props.js PROPS_BUDGET
aircraftJack,prop,aircraftJack,5,0.78 x 1.2 x 0.8,ram; saddle,"tripod aircraft jack, ram extended",1,av-hangar-jacking-and-stands,no,WebXR/shared/props.js PROPS_BUDGET
palletRackBay,prop,palletRackBay,5,2.62 x 4.22 x 1.18,,"selective pallet-rack bay, two loaded levels and a rating plaque",8,ml-flat-sorter-guarding-and-lockout; ml-parcel-sorter-conveyor-jam-and-loto; ml-suspicious-package-protocol; tw-amr-traffic-zone-entry-and-lockout; tw-cold-storage-ppe-and-rotation; tw-conveyor-jam-clearing-and-loto; tw-dock-leveler-and-trailer-restraint-check; tw-high-bay-order-picker-fall-protection,no,WebXR/shared/props.js PROPS_BUDGET
coldRoomDoor,prop,coldRoomDoor,5,1.98 x 2.68 x 0.28,door,insulated cold-storage doorway with a PVC strip curtain,1,tw-cold-storage-ppe-and-rotation,no,WebXR/shared/props.js PROPS_BUDGET
marinaBerth,prop,marinaBerth,11,2.21 x 2.2 x 12,cleats; pedestal; breaker; pedestalLamp; extinguisherBox; spillKit; fuelPump; fuelHose; boom,"marina finger dock on piles with cleats, a shore-power pedestal and breaker, an extinguisher box, a spill-kit cabinet and a fuel-dock pump with boom",4,yc-fuel-dock-transfer-and-spill-kit; yc-line-handling-and-docking-in-crosswind; yc-pre-departure-safety-briefing-and-guest-count; yc-shore-power-connection-and-in-water-electrical-safety,no,WebXR/shared/props.js PROPS_BUDGET
pickToLightShelf,prop,pickToLightShelf,6,1.6 x 2.44 x 0.51,lights,"pick-to-light shelf module, three LED pick strips",1,tw-pick-to-light-ergonomics-and-rotation,no,WebXR/shared/props.js PROPS_BUDGET
settlementTileRack,prop,settlementTileRack,6,0.9 x 0.82 x 0.3,tiles,"PVC settlement-tile rack, six tiles hung face-down in two rows",1,me-oyster-reef-monitoring-and-settlement-tiles,no,WebXR/shared/props.js PROPS_BUDGET
quadratFrame,prop,quadratFrame,4,0.53 x 0.1 x 0.53,,half-metre PVC quadrat with cross-strings and pin feet,1,me-kelp-transect-survey-and-photo-quadrats,no,WebXR/shared/props.js PROPS_BUDGET
divingStage,prop,divingStage,5,1.5 x 2.58 x 1.5,bail; gate,"diver's launch and recovery stage, grated floor, lifting bail, hinged gate",2,cd-hydraulic-tools-and-suction-hazards-underwater; cd-underwater-wet-welding-and-cutting,no,WebXR/shared/props.js PROPS_BUDGET
drill,tool,drill,4,0.08 x 0.27 x 0.32,trigger,cordless drill-driver,1,bt-masonry-wall-layout-and-mortar,yes,WebXR/shared/toolkit.js TOOLKIT_BUDGET
angleGrinder,tool,angleGrinder,4,0.2 x 0.07 x 0.42,guard; disc,125 mm angle grinder with guard,1,bt-rebar-tying-and-impalement-protection,yes,WebXR/shared/toolkit.js TOOLKIT_BUDGET
impactWrench,tool,impactWrench,4,0.09 x 0.27 x 0.23,trigger,1/2 in cordless impact wrench,1,bs-structural-bolting-and-torque,yes,WebXR/shared/toolkit.js TOOLKIT_BUDGET
torqueWrench,tool,torqueWrench,3,0.04 x 0.04 x 0.51,scale,click-type torque wrench,2,bs-structural-bolting-and-torque; ws-data-hall-busway-install-and-torque-signoff,yes,WebXR/shared/toolkit.js TOOLKIT_BUDGET
multimeter,tool,multimeter,4,0.33 x 0.2 x 0.13,screen; leadRed; leadBlack,"digital multimeter, live screen",3,ws-crah-alarm-response-in-a-live-hall; ws-data-hall-busway-install-and-torque-signoff; ws-nacelle-lockout-and-yaw-brake-fault,yes,WebXR/shared/toolkit.js TOOLKIT_BUDGET
fourGasMeter,tool,fourGasMeter,3,0.07 x 0.12 x 0.05,screen,"O2 / LEL / CO / H2S monitor, live screen",4,br-boom-towing-between-two-vessels; br-shoreline-cleanup-sharps-and-hazardous-debris; cs-permit-entry-and-attendant-duties; cs-ventilation-and-air-monitoring-plan,yes,WebXR/shared/toolkit.js TOOLKIT_BUDGET
radio,tool,radio,4,0.06 x 0.26 x 0.04,screen; ptt,portable two-way radio,37,br-barge-loading-of-contaminated-sediment; br-beach-seine-fish-survey-and-handling; br-benthic-grab-and-invertebrate-sorting; br-bird-nesting-buffer-and-work-window; br-boom-towing-between-two-vessels; br-cold-water-immersion-and-mob-recovery; br-dive-site-hazard-assessment-and-jsa; br-drone-shoreline-survey; br-marine-mammal-observer-during-pile-driving; br-restoration-data-qa-and-public-reporting; br-vhf-and-navigation-in-a-work-zone; br-volunteer-cleanup-day-safety-lead; bs-bearing-replacement-and-jacking; bs-structural-bolting-and-torque; bs-tandem-lift-girder-set; bt-formwork-stripping-and-reshoring; bt-masonry-wall-layout-and-mortar; bt-rebar-tying-and-impalement-protection; cs-non-entry-retrieval-and-tripod; cs-permit-entry-and-attendant-duties; cs-ventilation-and-air-monitoring-plan; hw-banquet-room-flip-and-staging; hw-flatwork-ironer-and-folder-guarding; hw-housekeeping-cart-and-chemical-safety; me-eelgrass-seed-collection-and-nursery; me-invasive-species-identification-and-reporting; me-oyster-reef-monitoring-and-settlement-tiles; me-shoreline-debris-and-microplastics-survey; me-tidal-marsh-channel-restoration-day; me-water-column-sampling-from-a-small-boat; ws-blade-inspection-from-a-platform; ws-crah-alarm-response-in-a-live-hall; ws-data-hall-busway-install-and-torque-signoff; ws-nacelle-lockout-and-yaw-brake-fault; ws-ocean-pod-retrieval-and-hatch-opening; ws-substation-switching-under-a-permit; ws-turbine-climb-and-rescue-kit-check,yes,WebXR/shared/toolkit.js TOOLKIT_BUDGET
flashlight,tool,flashlight,3,0.04 x 0.04 x 0.22,lens,aluminium flashlight,4,cs-permit-entry-and-attendant-duties; ed-boiler-room-filter-change-lockout; hw-flatwork-ironer-and-folder-guarding; hw-housekeeping-cart-and-chemical-safety,yes,WebXR/shared/toolkit.js TOOLKIT_BUDGET
tapeMeasure,tool,tapeMeasure,4,0.3 x 0.07 x 0.05,blade,"8 m tape, blade run out",7,bt-masonry-wall-layout-and-mortar; bt-rebar-tying-and-impalement-protection; gl-aluminium-panel-fabrication-and-brake; gl-curtain-wall-unit-setting-from-the-floor; gl-shop-drawing-takeoff-and-field-measure; gl-storefront-frame-and-glass-set-with-cups; hw-banquet-room-flip-and-staging,yes,WebXR/shared/toolkit.js TOOLKIT_BUDGET
level,tool,level,3,0.63 x 0.06 x 0.03,vials,600 mm spirit level,6,bt-masonry-wall-layout-and-mortar; gl-aluminium-panel-fabrication-and-brake; gl-curtain-wall-unit-setting-from-the-floor; gl-shop-drawing-takeoff-and-field-measure; gl-skylight-glass-replacement-and-fall-protection; op-grader-fine-grade-and-crown,yes,WebXR/shared/toolkit.js TOOLKIT_BUDGET
hammer,tool,hammer,3,0.17 x 0.03 x 0.32,head,framing hammer,2,bs-bearing-replacement-and-jacking; bs-structural-bolting-and-torque,yes,WebXR/shared/toolkit.js TOOLKIT_BUDGET
wrenchSet,tool,wrenchSet,2,0.42 x 0.01 x 0.3,wrenches,combination wrenches in a roll,1,ed-playground-equipment-inspection,yes,WebXR/shared/toolkit.js TOOLKIT_BUDGET
hardHatLamp,tool,hardHatLamp,3,0.29 x 0.16 x 0.29,lamp,hard hat with cap lamp,1,cs-non-entry-retrieval-and-tripod,yes,WebXR/shared/toolkit.js TOOLKIT_BUDGET
chock,tool,chock,2,0.2 x 0.26 x 0.28,handle,wheel chock,3,op-equipment-daily-walkaround-and-fluids; op-loader-truck-loading-and-blind-spots; tw-dock-leveler-and-trailer-restraint-check,yes,WebXR/shared/toolkit.js TOOLKIT_BUDGET
tagLine,tool,tagLine,2,0.45 x 0.08 x 0.34,hook,coiled tag line with snap hook,3,bs-tandem-lift-girder-set; cs-non-entry-retrieval-and-tripod; ws-ocean-pod-retrieval-and-hatch-opening,yes,WebXR/shared/toolkit.js TOOLKIT_BUDGET
tieDownStrap,tool,tieDownStrap,3,0.43 x 0.05 x 0.14,ratchet; hook,2 in ratchet tie-down,1,hw-banquet-room-flip-and-staging,yes,WebXR/shared/toolkit.js TOOLKIT_BUDGET
gladHandGauge,tool,gladHandGauge,3,0.13 x 0.14 x 0.06,dial,"glad-hand air gauge, live dial",1,po-yard-hostler-and-pedestrian-separation,yes,WebXR/shared/toolkit.js TOOLKIT_BUDGET
tireGauge,tool,tireGauge,3,0.03 x 0.02 x 0.31,bar,dual-foot truck tyre gauge,0,,yes,WebXR/shared/toolkit.js TOOLKIT_BUDGET
creeper,tool,creeper,3,0.44 x 0.13 x 0.98,casters,mechanic's creeper,0,,yes,WebXR/shared/toolkit.js TOOLKIT_BUDGET
hoseReel,tool,hoseReel,4,0.28 x 0.37 x 0.39,drum; nozzle,air hose reel,2,bt-masonry-wall-layout-and-mortar; hz-decon-corridor-for-a-mass-casualty-drill,yes,WebXR/shared/toolkit.js TOOLKIT_BUDGET
glassVacuumLifter,tool,glassVacuumLifter,4,0.55 x 0.24 x 0.06,gauge,"two-cup manual glass vacuum lifter, live vacuum gauge",6,gl-glass-handling-cart-and-crane-vacuum-lifter; gl-skylight-glass-replacement-and-fall-protection; gl-storefront-frame-and-glass-set-with-cups; gl-swing-stage-glazing-and-sealant; gl-tempered-glass-breakage-and-cleanup; ws-raised-floor-tile-lift-and-cable-tray-safety,yes,WebXR/shared/toolkit.js TOOLKIT_BUDGET
teachPendant,tool,teachPendant,4,0.31 x 0.07 x 0.22,screen; estop; enable,"robot teach pendant with live screen, e-stop and enabling switch",3,ad-cobot-risk-assessment-and-speed-separation; ad-robot-cell-lockout-and-safe-reentry; rp-robot-policy-evaluation-review,yes,WebXR/shared/toolkit.js TOOLKIT_BUDGET
gulls,wildlife,gulls,24,,,"8 per group, circle",0,,no,WebXR/shared/wildlife.js WILDLIFE_BUDGET
pelicans,wildlife,pelicans,12,,,"4 per group, glide",0,,no,WebXR/shared/wildlife.js WILDLIFE_BUDGET
shorebirds,wildlife,shorebirds,12,,,"6 per group, dash",0,,no,WebXR/shared/wildlife.js WILDLIFE_BUDGET
seals,wildlife,seals,7,,,"3 per group, bask",0,,no,WebXR/shared/wildlife.js WILDLIFE_BUDGET
fish,wildlife,fish,1,,,"60 per group, school",0,,no,WebXR/shared/wildlife.js WILDLIFE_BUDGET
ray,wildlife,ray,2,,,"1 per group, figure-eight",0,,no,WebXR/shared/wildlife.js WILDLIFE_BUDGET
crab,wildlife,crab,4,,,"1 per group, sidestep",0,,no,WebXR/shared/wildlife.js WILDLIFE_BUDGET
raptors,wildlife,raptors,9,,,"3 per group, soar",0,,no,WebXR/shared/wildlife.js WILDLIFE_BUDGET
deer,wildlife,deer,28,,,"4 per group, graze",0,,no,WebXR/shared/wildlife.js WILDLIFE_BUDGET
egrets,wildlife,egrets,20,,,"5 per group, wade",0,,no,WebXR/shared/wildlife.js WILDLIFE_BUDGET
herons,wildlife,herons,9,,,"3 per group, glide",0,,no,WebXR/shared/wildlife.js WILDLIFE_BUDGET
skyDome,sky,sky dome,16,,,"900 vertices, 10 clouds, 240 stars",0,,no,WebXR/shared/sky.js SKY_BUDGET
