id,name,categoryMix,stationCount,unions,trainingBodies,competencyRequire,ladderLevels,ladderLevelsFull,bayWorldSites,deepSites,evalMean
electrical-first-period,Inside Wireman — First Period,Energy & Power: 7; Trade Skills Simulator: 1,8,ibew,ibew-neca-jatc,4,20,19,west-oakland-substation-yard,,96.5
confined-space,Confined Space — Entry and Rescue,Water & Environmental: 7; Emergency Services: 1,8,iaff; iuoe; liuna; ua,iaff-training; iuoe-training; liuna-training-fund; ua-apprenticeship,4,20,20,south-treatment-plant; west-oakland-utility-yard,outfall-intake-lockout-site,96.3
fall-protection,Working at Height — Fall Protection,Construction & Structural Trades: 4; Connectivity & Telecom: 2; Emergency Services: 1,7,carpenters; cwa; ironworkers,carpenters-ictf; cwa-training; ironworkers-impact,4,20,20,downtown-tower-site,,95.6
hazmat-environmental,Hazmat and Environmental Response,Environmental Monitoring: 6; Emergency Services: 2; Surface Prep & Coatings: 1; Water & Environmental: 1,10,iaff; liuna,iaff-training; liuna-training-fund,5,20,20,port-hazmat-response-yard,outfall-diffuser-inspection,92.5
rigging-lifting,Rigging and Lifting,Entertainment & Live Events: 3; Construction & Structural Trades: 2; Maritime & Ports: 1,6,iatse; ilwu; ironworkers; iuoe,iatse-training-trust; ilwu-pma-training; ironworkers-impact; iuoe-training,3,20,20,port-container-terminal,shelf-lift-bag-site; wreck-salvage-rigging,93.8
stationary-engineer,Stationary Engineer — Building Plant,Building Systems & Facilities: 7,7,iuoe,iuoe-training; ua-apprenticeship,4,20,20,downtown-central-plant; south-treatment-plant,,93.3
port-operations,Port and Terminal Operations,Maritime & Ports: 7,7,ilwu; meba; siu; teamsters,ilwu-pma-training; meba-calhoon-school; siu-paul-hall-center; teamsters-training,4,20,20,channel-buoy-tender-pier; island-yacht-harbor; port-container-terminal; south-shoreline-marina,approach-buoy-tender-station; reef-ball-placement-site,94.3
transit-ramp,Transit and Ramp Operations,Mobility & Transit: 6; Manufacturing & Automation: 1,7,atu; iam; ibew; twu,atu-training; bmwed-training; iam-winpisinger-center; ibew-neca-jatc; twu-training,4,20,20,coliseum-elevated-transit-station; island-ferry-landing,,94.7
energy-transition,Energy Transition Systems,Energy & Power: 8; Connectivity & Telecom: 1,9,ibew,ibew-neca-jatc,5,20,20,hills-transmission-corridor; ridge-reservoir-yard,,97
live-events,Live Events Production,Entertainment & Live Events: 7,7,iatse,iatse-training-trust,4,20,20,coliseum-stadium,,95.3
hunters-point-bay-restoration,Hunters Point Clean-up and Bay Restoration,Environmental Monitoring: 11; Water & Environmental: 9; Maritime & Ports: 3; Building Systems & Facilities: 1; Emergency Services: 1; Energy & Power: 1,26,carpenters; ibu; iuoe; iuoe-local3; liuna; teamsters; ua,carpenters-ictf; ilwu-pma-training; iuoe-local3-training; iuoe-training; liuna-training-fund; teamsters-training; ua-apprenticeship,6,20,20,estuary-shoreline-park-trailhead; north-shoreline-field-lab,channel-dredge-survey; eelgrass-transplant-plots; marsh-mouth-invasive-plot; marsh-mouth-tide-gate; mud-plain-hotspot-survey; pier-creosote-pile-site; reef-ball-monitoring-plot,94.5
culinary-kitchen,Culinary — The Working Kitchen,Culinary & Hospitality: 15; Trade Skills Simulator: 1,16,afscme; seiu; unite-here,afscme-training; seiu-training; unite-here-training,6,20,20,uptown-restaurant-row,,94.1
dental-hygiene-unspoken-smiles,Dental Hygiene — Unspoken Smiles,Dental & Oral Health: 18; Trade Skills Simulator: 1,19,afscme; seiu; ufcw,afscme-training; seiu-training; ufcw-training,6,20,20,fruitvale-community-college,,97.1
dental-careers-unspoken-smiles,Dental Careers — Unspoken Smiles,Dental & Oral Health: 19,19,afscme; seiu; ufcw,afscme-training; seiu-training; ufcw-training,6,20,20,fruitvale-community-college,,96.7
civic-leadership-and-ei,Civic Leadership and Emotional Intelligence,Community Environmental Justice: 20,20,afscme; seiu,afscme-training; seiu-training,6,20,20,downtown-civic-center,,96.9
property-management,Property Management — Twenty Zones,Building Systems & Facilities: 21,21,iuoe; seiu; seiu-uswtw; unite-here,iuoe-training; seiu-training; seiu-uswtw-training; unite-here-training,6,20,20,downtown-housing-block,,97.6
outbreak-response-who,Outbreak and Disease Response — WHO and UN Practice,Emergency Services: 11,11,afscme; cna; nnu; seiu,afscme-training; seiu-training,6,20,20,coliseum-area-hospital; emery-lab-campus,,97.6
job-readiness-edition,Job Readiness Edition — wojrc.org programmes,Mobility & Transit: 16; Community Environmental Justice: 15; Manufacturing & Automation: 1,32,afscme; ilwu; seiu; teamsters,afscme-training; ilwu-pma-training; seiu-training; teamsters-training,6,20,20,emery-distribution-center; west-oakland-truck-yard,,95.7
bay-area-union-edition,"Bay Area Union Edition — Sheet Metal, Bridge, Port and Marine",Maritime & Ports: 24; Construction & Structural Trades: 9; Manufacturing & Automation: 9,42,carpenters; ibu; ilwu; ironworkers; iuoe; iupat; meba; siu; smart,carpenters-ictf; ilwu-pma-training; ironworkers-impact; iuoe-training; iupat-fti; meba-calhoon-school; siu-paul-hall-center; smart-iti,6,20,20,island-boatyard; island-ferry-landing; island-yacht-harbor; west-oakland-union-hall,approach-boom-tow-site; channel-scour-survey; flats-workboat-anchorage; kelp-night-line-site; outfall-intake-lockout-site; pier-piling-inspection-station; shelf-lift-bag-site; trench-rov-station; wreck-photo-survey,96.5
bartending-course,Bartending — Behind the Bar,Culinary & Hospitality: 15; Trade Skills Simulator: 1,16,unite-here,unite-here-training,6,20,20,uptown-theatre-district,,94.6
hunters-point-can-we-live,Hunters Point Edition — Can We Live?,Community Environmental Justice: 26,26,iuoe; liuna; teamsters,iuoe-training; liuna-training-fund; seiu-training; teamsters-training,6,20,20,estuary-shoreline-park-trailhead,flats-sediment-core-site; outfall-discharge-photo-point,94
sewing-garment-trades,Sewing and Garment Trades,Sewing & Garment Trades: 10; Trade Skills Simulator: 1,11,seiu; unite-here; workers-united,seiu-training; unite-here-training,6,20,20,west-oakland-warehouse-district,,96.2
bridge-and-structural,Bridge and Structural Trades,Construction & Structural Trades: 7,7,ironworkers; iuoe; iupat; liuna,ironworkers-impact; iuoe-training; iupat-fti; liuna-training-fund,4,20,20,bridge-approach-toll-plaza,channel-scour-survey,95.6
hotel-workers,Hotel Workers — Back of House,Culinary & Hospitality: 7,7,unite-here,unite-here-training,4,20,20,uptown-hotel-row,,96.9
builders-trades,"Builders — Carpenters, Laborers and Masons",Construction & Structural Trades: 8,8,bac; carpenters; iuoe; liuna,bac-imi; carpenters-ictf; iuoe-training; liuna-training-fund,4,20,20,uptown-construction-site,,96.1
first-responders,"First Responders — Fire, EMS, Police, Crisis and Relief",Emergency Services: 17,17,afscme; fop; iaff; liuna; nage; nasw; seiu; seiu-1021,afscme-training; iaff-training; liuna-training-fund; naemt-courses; nasw-code-of-ethics; seiu-1021-training; seiu-training,6,20,20,fruitvale-fire-station; ridge-fire-lookout,seamount-capstone-survey,95.8
situational-awareness,Situational Awareness — Interruption Drill,Building Systems & Facilities: 3; Construction & Structural Trades: 3; Energy & Power: 3; Trade Skills Simulator: 3; Connectivity & Telecom: 2; Emergency Services: 2; Manufacturing & Automation: 2; Water & Environmental: 2; Maritime & Ports: 1; Mobility & Transit: 1,22,iaff; ibew; ironworkers; liuna; ua,iaff-training; ibew-neca-jatc; ironworkers-impact; liuna-training-fund; ua-apprenticeship,6,20,20,lake-loop-boathouse,shelf-checkout-site,94.7
ports-maritime-ecology,"Ports, Maritime and Bay Ecology",Maritime & Ports: 11,11,ibew; ibu; ilwu; liuna,afscme-training; ibew-neca-jatc; ilwu-pma-training; liuna-training-fund,6,20,20,channel-buoy-tender-pier; estuary-research-dock; north-marina-pier,approach-buoy-tender-station; reef-ball-monitoring-plot,94.1
air-quality-monitoring,Air Quality — Monitoring and Control,Environmental Monitoring: 6,6,afscme; iuoe; liuna; usw,afscme-training; iuoe-training; liuna-training-fund; usw-mazzocchi-center,3,20,20,north-shoreline-field-lab; west-oakland-air-monitoring-post,flats-sonde-station,94.2
basketball-fundamentals,Basketball Fundamentals,Youth Sports & Coaching: 23,23,afscme; seiu,afscme-training; seiu-training,6,20,20,coliseum-arena,,96.3
bay-restoration-maritime-underwater,SF Bay Restoration & Cleanup — Maritime and Underwater,Maritime & Ports: 16; Environmental Monitoring: 10; Water & Environmental: 9,35,afscme; carpenters; ibu; ilwu; iuoe; iuoe-local3; liuna; meba; seiu; siu,afscme-training; carpenters-ictf; ilwu-pma-training; iuoe-local3-training; iuoe-training; liuna-training-fund; meba-calhoon-school; seiu-training; siu-paul-hall-center,6,20,20,estuary-marina-boatyard; island-boatyard; north-marina-pier; north-shoreline-field-lab; south-shoreline-marina,approach-boom-tow-site; channel-dredge-survey; eelgrass-fish-census-line; eelgrass-turbidity-curtain; flats-sediment-core-site; flats-sonde-station; flats-workboat-anchorage; kelp-transect-start; marsh-mouth-culvert; marsh-mouth-invasive-plot; mud-plain-hotspot-survey; mud-plain-trash-capture; pier-surface-supplied-station; reef-ball-placement-site; seamount-capstone-survey; shelf-checkout-site; shelf-debris-sweep; wreck-photo-survey; wreck-salvage-rigging,96.3
bay-program-projects,"SF Bay Program Projects — Stormwater, Marsh and Source Control",Environmental Monitoring: 5; Water & Environmental: 5; Construction & Structural Trades: 1,11,afscme; iuoe; iuoe-local3; liuna; seiu; seiu-1021,afscme-training; iuoe-local3-training; iuoe-training; liuna-training-fund; seiu-1021-training; seiu-training,6,20,20,port-container-terminal,,96.7
railroad-crafts,"Railroad Crafts — Track, Car and Cab",Mobility & Transit: 8,8,blet; bmwed; smart; smart-td,blet-training; bmwed-training; smart-iti; smarttd-training,4,20,20,port-rail-yard,,95.3
heavy-equipment-operators,Heavy Equipment Operators — IUOE Local 3,Construction & Structural Trades: 8,8,iuoe,iuoe-training,4,20,20,hills-grading-site; ridge-reservoir-yard,pier-creosote-pile-site,94.9
plumbers-and-pipefitters,Plumbers and Pipefitters — Journeyman Rough-In and Test Block,Building Systems & Facilities: 7; Water & Environmental: 1,8,ua,ua-apprenticeship,4,20,20,port-maintenance-shop,,96.5
glaziers-and-architectural-metal,Glaziers and Architectural Metal,Construction & Structural Trades: 8,8,iupat; iupat-dc16,iupat-dc16-glaziers; iupat-fti,4,20,20,downtown-tower-site,,95.6
elevator-constructors,Elevator Constructor — IUEC Core Skills,Building Systems & Facilities: 8,8,iuec,neiep-training,4,20,20,downtown-tower-site,,95.1
insulators-and-boilermakers,Insulators and Boilermakers — Building Systems,Building Systems & Facilities: 8,8,ibb; insulators,boilermakers-local-549; insulators-local-16,4,20,20,port-maintenance-shop,,96.6
cement-masons-and-plasterers,Cement Masons and Plasterers,Construction & Structural Trades: 8,8,opcmia,opcmia-local-300,4,20,20,uptown-construction-site,,96.1
healthcare-support,Healthcare Support,Healthcare Support: 8,8,nuhw; seiu; seiu-uhw,nuhw-training; seiu-training; seiu-uhw-training,4,20,20,coliseum-area-hospital; emery-lab-campus,,96
roofers-and-waterproofers,Roofers and Waterproofers,Construction & Structural Trades: 8,8,urw,roofers-local-40-training,4,20,20,downtown-housing-block,,96
water-and-gas-utility-crews,Water and Gas Utility Crews — Distribution Authority,Energy & Power: 4; Water & Environmental: 4,8,ibew; uwua,ibew-neca-jatc; uwua-training,4,20,20,ridge-reservoir-yard; south-treatment-plant; west-oakland-utility-yard,outfall-diffuser-inspection,97
aviation-maintenance-and-ground,Aviation Maintenance and Ground — IAM/TWU Ramp and Line,Mobility & Transit: 8,8,iam; twu,iam-winpisinger-center; twu-training,4,20,20,coliseum-airfield-apron; island-airfield-park,,95.4
warehouse-and-logistics-automation,Warehouse and Logistics Automation — Teamsters Distribution Floor,Manufacturing & Automation: 8,8,teamsters,teamsters-training,4,20,20,emery-distribution-center; west-oakland-warehouse-district,,95.6
education-support-staff,"Education Support Staff — Custodial, Grounds, Transport and Classroom",Building Systems & Facilities: 5; Mobility & Transit: 2; Culinary & Hospitality: 1,8,aft; csea,aft-training; csea-training,4,20,20,fruitvale-elementary-school,,96.6
grounds-and-landscaping,Grounds & Landscaping Crew,Grounds & Landscaping: 12,12,afscme; liuna; seiu,afscme-training; liuna-training-fund; seiu-training,6,20,20,hills-redwood-park-grounds-shop; island-airfield-park,,94.3
wojrc-pathway-edition,Pathway Edition — wojrc.org,Community Environmental Justice: 21; Mobility & Transit: 19; Maritime & Ports: 4; Energy & Power: 1; Manufacturing & Automation: 1,46,afscme; seiu; teamsters,afscme-training; ilwu-pma-training; seiu-training; teamsters-training,6,20,20,port-container-terminal,,96
grocery-and-meatpacking,Grocery and Meatpacking — UFCW Store and Plant Floor,Culinary & Hospitality: 8,8,ufcw,ufcw-training,4,20,20,uptown-restaurant-row,,93.1
airline-cabin-and-flight-crew,Airline Cabin and Flight Crew — AFA-CWA and ALPA,Mobility & Transit: 8,8,afa-cwa; alpa; cwa,afa-cwa-training; alpa-training; cwa-training,4,20,20,west-oakland-truck-yard,,94.9
mill-and-mine,Mill and Mine,Manufacturing & Automation: 8,8,umwa; usw,umwa-training; usw-mazzocchi-center,4,20,20,port-maintenance-shop,,95.1
screen-and-media-crafts,Screen & Media Crafts,Entertainment & Live Events: 8,8,aea; afm; cwa; iatse; newsguild-cwa; sag-aftra,aea-training; afm-training; cwa-training; iatse-training-trust; newsguild-cwa-training; sag-aftra-training,4,20,20,uptown-theatre-district,,96.8
postal-and-mail-processing,Postal & Mail Processing Crew,Manufacturing & Automation: 4; Mobility & Transit: 4,8,apwu; nalc; npmhu,apwu-training; nalc-training; npmhu-training,4,20,20,west-oakland-truck-yard,,96.1
yacht-and-charter-crew,Yacht & Charter Crew,Maritime & Ports: 8,8,ibu; meba; siu,ilwu-pma-training; meba-calhoon-school; siu-paul-hall-center,4,20,20,estuary-marina-boatyard; island-yacht-harbor,,95.8
marine-ecology-and-restoration,Marine Ecology & Restoration — Survey and Restoration Crews,Water & Environmental: 8,8,afscme; cwa; liuna; seiu; seiu-1021; upte-cwa,afscme-training; cwa-training; liuna-training-fund; seiu-1021-training; seiu-training; upte-cwa-training,4,20,20,channel-buoy-tender-pier; estuary-research-dock; north-shoreline-field-lab,eelgrass-fish-census-line; eelgrass-transplant-plots; flats-sediment-core-site; kelp-transect-start; marsh-mouth-tide-gate; reef-ball-monitoring-plot; seamount-capstone-survey,97.3
commercial-diving-and-scientific-scuba,Commercial Diving & Scientific Scuba,Maritime & Ports: 8,8,carpenters; liuna,carpenters-ictf; liuna-training-fund,4,20,20,channel-buoy-tender-pier; estuary-research-dock; north-shoreline-field-lab,kelp-night-line-site; outfall-intake-lockout-site; pier-piling-inspection-station; pier-surface-supplied-station; shelf-checkout-site; trench-rov-station,95.4
aerospace-defense-and-robotics,Aerospace Depot and Robotics — IAM and UAW Skilled Trades,Manufacturing & Automation: 6; Mobility & Transit: 2,8,iam; uaw,iam-winpisinger-center; uaw-training,4,20,20,west-oakland-robotics-centre,,95
wind-and-data-infrastructure,Wind & Data Infrastructure,Connectivity & Telecom: 4; Energy & Power: 4,8,ibew; ironworkers; iuoe; smart; ua,ibew-neca-jatc; ironworkers-impact; iuoe-training; smart-iti; ua-apprenticeship,4,20,20,emery-data-center-campus; ridge-wind-farm,mud-plain-data-pod-skid,95.8
k12-practical-math,K-12 Practical Maths,Community Environmental Justice: 17,17,aft,aft-training,6,20,20,coliseum-arena; downtown-civic-center; fruitvale-elementary-school; island-airfield-park; island-ferry-landing; north-marina-pier; ridge-wind-farm; uptown-construction-site,,95.6
k12-science,K-12 Science,Community Environmental Justice: 26,26,aft,aft-training,6,20,20,emery-lab-campus; fruitvale-community-college; north-shoreline-field-lab; port-container-terminal; ridge-wind-farm; south-treatment-plant,kelp-transect-start; shelf-checkout-site,95.7
k12-history-and-civics,K-12 History and Civics,Community Environmental Justice: 6,6,aft,aft-training,3,20,20,downtown-civic-center; fruitvale-elementary-school; west-oakland-union-hall,,95.5
k12-literacy-and-life-skills,K-12 Literacy and Life Skills,Community Environmental Justice: 9,9,aft,aft-training,5,20,20,coliseum-arena; fruitvale-community-college; fruitvale-elementary-school; fruitvale-fire-station; uptown-theatre-district,,95.4
