name,path,purpose,inputModes,hudPanelCount,hudPanels,source
Break Room Arcade,WebXR/dist/arcade.html,"The training platform's other Easter egg: a row of four retro cabinets in the crew break room, each an original 2D canvas game — a climbing platformer, a side-scrolling runner, a falling-block stacker and a lane-crossing dodger — with pixel art, a chiptune soundtrack and local high scores.",flat; keyboard; touch; gamepad,1,hud-top,"WebXR/dist/arcade.html (<title>, meta description, input listeners, element ids)"
Bay Atlas,WebXR/dist/atlas.html,"Every Bay World training site and landmark with its programmes and deep links, over a map: drawn from the world's own data, or over a real-world Mapbox map when you supply your own token.",flat; keyboard; touch,0,,"WebXR/dist/atlas.html (<title>, meta description, input listeners, element ids)"
Bay World,WebXR/dist/bayworld.html,"A free-roam open-world city on the training platform: walk or drive anywhere, day and night, traffic and weather, a map, and missions that launch the platform's real training stations.",flat; keyboard; touch; gamepad,14,hud; hud-buttons; hud-clock; hud-credits; hud-map-btn; hud-minimap; hud-objective; hud-phone; hud-prompt; hud-radio-btn; hud-reputation; hud-stats; hud-weather; hud-zone,"WebXR/dist/bayworld.html (<title>, meta description, input listeners, element ids)"
Fairway Park,WebXR/dist/fairway.html,"An original nine-hole golf course and an outdoor sports facility on the training platform: stroke play with a timed swing meter, real scoring, and a groundskeeper's log that scores course care alongside it.",flat; keyboard; touch; gamepad,8,hud; hud-care; hud-clubs; hud-hole; hud-lie; hud-meter; hud-score; hud-wind,"WebXR/dist/fairway.html (<title>, meta description, input listeners, element ids)"
Holodeck ~ Speak a Simulation Into Existence,WebXR/dist/holodeck.html,Toolbox Talk Bingo,flat; vr; keyboard; touch; gamepad; hands,0,,"WebXR/dist/holodeck.html (<title>, meta description, input listeners, element ids)"
Training Simulators — every station,WebXR/dist/index.html,"Every station in the training network on one page: 657 AR/VR simulators across 20 categories, with a deep link to each one.",flat; keyboard,0,,"WebXR/dist/index.html (<title>, meta description, input listeners, element ids)"
Instructor Console,WebXR/dist/instructor-console.html,"A live view of the training sessions running on this machine — or through a relay — with the content and interaction controls for each learner: where they are, what they have hit, the station's own interruptions, its weather and device profile, and the programme they are on.",flat; keyboard; touch,5,panel; panel-ints; panel-steps; panel-where; panel-who,"WebXR/dist/instructor-console.html (<title>, meta description, input listeners, element ids)"
Night Highway Circuit,WebXR/dist/race.html,"The training platform's Easter egg: an arcade racer on ten original courses (plus a Mirror class and a Battle Arena), driven in the platform's own fleet.",flat; keyboard; touch; gamepad,1,huds,"WebXR/dist/race.html (<title>, meta description, input listeners, element ids)"
Bay Regatta,WebXR/dist/regatta.html,"A fleet of twelve motor yachts on Bay World's water: hosted events with a safety briefing before every cast-off, three original race courses against the fleet, scored on marks, the no-wake zone, right of way and a clean docking.",flat; keyboard; touch; gamepad,10,hud; hud-checks; hud-course; hud-course-map; hud-helm; hud-next; hud-speed; hud-time; hud-warn; hud-yacht,"WebXR/dist/regatta.html (<title>, meta description, input listeners, element ids)"
SmartCiti.X ~VR Simulators,WebXR/dist/smartcity-x.html,Training Activity Record,flat; vr; ar; keyboard; touch; gamepad; hands,0,,"WebXR/dist/smartcity-x.html (<title>, meta description, input listeners, element ids)"
Trade Skills Simulator,WebXR/dist/trade-skills-simulator.html,Trade Skills Simulator,flat; vr; keyboard; touch; gamepad; hands,17,hud-combo; hud-count; hud-cue; hud-feedback; hud-fill; hud-gesture; hud-hint; hud-metrics; hud-mission; hud-objective; hud-progress; hud-rail; hud-room; hud-score; hud-step; hud-timer; hud-track,"WebXR/dist/trade-skills-simulator.html (<title>, meta description, input listeners, element ids)"
The Deep,WebXR/dist/underwater.html,"A dive game under the bay on the training platform: swim or pilot an ROV over a large seabed, a buddy line, an ascent line at every site, a reserve you watch rather than count, and job boards that launch the platform's real dive and restoration stations.",flat; keyboard; touch; gamepad,20,hud; hud-activities-btn; hud-activity; hud-buttons; hud-clock; hud-craft; hud-credits; hud-light; hud-map-btn; hud-minimap; hud-objective; hud-prompt; hud-reputation; hud-reserve; hud-reserve-fill; hud-reserve-word; hud-slate; hud-stats; hud-surface-btn; hud-zone,"WebXR/dist/underwater.html (<title>, meta description, input listeners, element ids)"
Aerospace Depot and Robotics — IAM and UAW Skilled Trades — training track,WebXR/dist/tracks/aerospace-defense-and-robotics.html,"Aerospace Depot and Robotics — IAM and UAW Skilled Trades: a twenty-level training track, 1672 lessons across 8 stations.",flat,0,,"WebXR/dist/tracks/aerospace-defense-and-robotics.html (<title>, meta description, input listeners, element ids)"
Air Quality — Monitoring and Control — training track,WebXR/dist/tracks/air-quality-monitoring.html,"Air Quality — Monitoring and Control: a twenty-level training track, 1540 lessons across 6 stations.",flat,0,,"WebXR/dist/tracks/air-quality-monitoring.html (<title>, meta description, input listeners, element ids)"
Airline Cabin and Flight Crew — AFA-CWA and ALPA — training track,WebXR/dist/tracks/airline-cabin-and-flight-crew.html,"Airline Cabin and Flight Crew — AFA-CWA and ALPA: a twenty-level training track, 1552 lessons across 8 stations.",flat,0,,"WebXR/dist/tracks/airline-cabin-and-flight-crew.html (<title>, meta description, input listeners, element ids)"
Aviation Maintenance and Ground — IAM/TWU Ramp and Line — training track,WebXR/dist/tracks/aviation-maintenance-and-ground.html,"Aviation Maintenance and Ground — IAM/TWU Ramp and Line: a twenty-level training track, 1649 lessons across 8 stations.",flat,0,,"WebXR/dist/tracks/aviation-maintenance-and-ground.html (<title>, meta description, input listeners, element ids)"
Bartending — Behind the Bar — training track,WebXR/dist/tracks/bartending-course.html,"Bartending — Behind the Bar: a twenty-level training track, 1661 lessons across 16 stations.",flat,0,,"WebXR/dist/tracks/bartending-course.html (<title>, meta description, input listeners, element ids)"
Basketball Fundamentals — training track,WebXR/dist/tracks/basketball-fundamentals.html,"Basketball Fundamentals: a twenty-level training track, 1657 lessons across 23 stations.",flat,0,,"WebXR/dist/tracks/basketball-fundamentals.html (<title>, meta description, input listeners, element ids)"
"Bay Area Union Edition — Sheet Metal, Bridge, Port and Marine — training track",WebXR/dist/tracks/bay-area-union-edition.html,"Bay Area Union Edition — Sheet Metal, Bridge, Port and Marine: a twenty-level training track, 1612 lessons across 42 stations.",flat,0,,"WebXR/dist/tracks/bay-area-union-edition.html (<title>, meta description, input listeners, element ids)"
SF Bay Restoration & Cleanup — Maritime and Underwater — training track,WebXR/dist/tracks/bay-restoration-maritime-underwater.html,"SF Bay Restoration &amp; Cleanup — Maritime and Underwater: a twenty-level training track, 1641 lessons across 35 stations.",flat,0,,"WebXR/dist/tracks/bay-restoration-maritime-underwater.html (<title>, meta description, input listeners, element ids)"
Bridge and Structural Trades — training track,WebXR/dist/tracks/bridge-and-structural.html,"Bridge and Structural Trades: a twenty-level training track, 1620 lessons across 7 stations.",flat,0,,"WebXR/dist/tracks/bridge-and-structural.html (<title>, meta description, input listeners, element ids)"
"Builders — Carpenters, Laborers and Masons — training track",WebXR/dist/tracks/builders-trades.html,"Builders — Carpenters, Laborers and Masons: a twenty-level training track, 1633 lessons across 8 stations.",flat,0,,"WebXR/dist/tracks/builders-trades.html (<title>, meta description, input listeners, element ids)"
Cement Masons and Plasterers — training track,WebXR/dist/tracks/cement-masons-and-plasterers.html,"Cement Masons and Plasterers: a twenty-level training track, 1590 lessons across 8 stations.",flat,0,,"WebXR/dist/tracks/cement-masons-and-plasterers.html (<title>, meta description, input listeners, element ids)"
Civic Leadership and Emotional Intelligence — training track,WebXR/dist/tracks/civic-leadership-and-ei.html,"Civic Leadership and Emotional Intelligence: a twenty-level training track, 1605 lessons across 20 stations.",flat,0,,"WebXR/dist/tracks/civic-leadership-and-ei.html (<title>, meta description, input listeners, element ids)"
Commercial Diving & Scientific Scuba — training track,WebXR/dist/tracks/commercial-diving-and-scientific-scuba.html,"Commercial Diving &amp; Scientific Scuba: a twenty-level training track, 1650 lessons across 8 stations.",flat,0,,"WebXR/dist/tracks/commercial-diving-and-scientific-scuba.html (<title>, meta description, input listeners, element ids)"
Confined Space — Entry and Rescue — training track,WebXR/dist/tracks/confined-space.html,"Confined Space — Entry and Rescue: a twenty-level training track, 1627 lessons across 8 stations.",flat,0,,"WebXR/dist/tracks/confined-space.html (<title>, meta description, input listeners, element ids)"
Culinary — The Working Kitchen — training track,WebXR/dist/tracks/culinary-kitchen.html,"Culinary — The Working Kitchen: a twenty-level training track, 1610 lessons across 16 stations.",flat,0,,"WebXR/dist/tracks/culinary-kitchen.html (<title>, meta description, input listeners, element ids)"
Dental Careers — Unspoken Smiles — training track,WebXR/dist/tracks/dental-careers-unspoken-smiles.html,"Dental Careers — Unspoken Smiles: a twenty-level training track, 1632 lessons across 19 stations.",flat,0,,"WebXR/dist/tracks/dental-careers-unspoken-smiles.html (<title>, meta description, input listeners, element ids)"
Dental Hygiene — Unspoken Smiles — training track,WebXR/dist/tracks/dental-hygiene-unspoken-smiles.html,"Dental Hygiene — Unspoken Smiles: a twenty-level training track, 1648 lessons across 19 stations.",flat,0,,"WebXR/dist/tracks/dental-hygiene-unspoken-smiles.html (<title>, meta description, input listeners, element ids)"
"Education Support Staff — Custodial, Grounds, Transport and Classroom — training track",WebXR/dist/tracks/education-support-staff.html,"Education Support Staff — Custodial, Grounds, Transport and Classroom: a twenty-level training track, 1530 lessons across 8 stations.",flat,0,,"WebXR/dist/tracks/education-support-staff.html (<title>, meta description, input listeners, element ids)"
Inside Wireman — First Period — training track,WebXR/dist/tracks/electrical-first-period.html,"Inside Wireman — First Period: a twenty-level training track, 1631 lessons across 8 stations.",flat,0,,"WebXR/dist/tracks/electrical-first-period.html (<title>, meta description, input listeners, element ids)"
Elevator Constructor — IUEC Core Skills — training track,WebXR/dist/tracks/elevator-constructors.html,"Elevator Constructor — IUEC Core Skills: a twenty-level training track, 1670 lessons across 8 stations.",flat,0,,"WebXR/dist/tracks/elevator-constructors.html (<title>, meta description, input listeners, element ids)"
Energy Transition Systems — training track,WebXR/dist/tracks/energy-transition.html,"Energy Transition Systems: a twenty-level training track, 1642 lessons across 9 stations.",flat,0,,"WebXR/dist/tracks/energy-transition.html (<title>, meta description, input listeners, element ids)"
Working at Height — Fall Protection — training track,WebXR/dist/tracks/fall-protection.html,"Working at Height — Fall Protection: a twenty-level training track, 1650 lessons across 7 stations.",flat,0,,"WebXR/dist/tracks/fall-protection.html (<title>, meta description, input listeners, element ids)"
"First Responders — Fire, EMS, Police, Crisis and Relief — training track",WebXR/dist/tracks/first-responders.html,"First Responders — Fire, EMS, Police, Crisis and Relief: a twenty-level training track, 1703 lessons across 17 stations.",flat,0,,"WebXR/dist/tracks/first-responders.html (<title>, meta description, input listeners, element ids)"
Glaziers and Architectural Metal — training track,WebXR/dist/tracks/glaziers-and-architectural-metal.html,"Glaziers and Architectural Metal: a twenty-level training track, 1741 lessons across 8 stations.",flat,0,,"WebXR/dist/tracks/glaziers-and-architectural-metal.html (<title>, meta description, input listeners, element ids)"
Grocery and Meatpacking — UFCW Store and Plant Floor — training track,WebXR/dist/tracks/grocery-and-meatpacking.html,"Grocery and Meatpacking — UFCW Store and Plant Floor: a twenty-level training track, 1693 lessons across 8 stations.",flat,0,,"WebXR/dist/tracks/grocery-and-meatpacking.html (<title>, meta description, input listeners, element ids)"
Grounds & Landscaping Crew — training track,WebXR/dist/tracks/grounds-and-landscaping.html,"Grounds &amp; Landscaping Crew: a twenty-level training track, 1705 lessons across 12 stations.",flat,0,,"WebXR/dist/tracks/grounds-and-landscaping.html (<title>, meta description, input listeners, element ids)"
Hazmat and Environmental Response — training track,WebXR/dist/tracks/hazmat-environmental.html,"Hazmat and Environmental Response: a twenty-level training track, 1626 lessons across 10 stations.",flat,0,,"WebXR/dist/tracks/hazmat-environmental.html (<title>, meta description, input listeners, element ids)"
Healthcare Support — training track,WebXR/dist/tracks/healthcare-support.html,"Healthcare Support: a twenty-level training track, 1702 lessons across 8 stations.",flat,0,,"WebXR/dist/tracks/healthcare-support.html (<title>, meta description, input listeners, element ids)"
Heavy Equipment Operators — IUOE Local 3 — training track,WebXR/dist/tracks/heavy-equipment-operators.html,"Heavy Equipment Operators — IUOE Local 3: a twenty-level training track, 1689 lessons across 8 stations.",flat,0,,"WebXR/dist/tracks/heavy-equipment-operators.html (<title>, meta description, input listeners, element ids)"
Hotel Workers — Back of House — training track,WebXR/dist/tracks/hotel-workers.html,"Hotel Workers — Back of House: a twenty-level training track, 1660 lessons across 7 stations.",flat,0,,"WebXR/dist/tracks/hotel-workers.html (<title>, meta description, input listeners, element ids)"
Hunters Point Clean-up and Bay Restoration — training track,WebXR/dist/tracks/hunters-point-bay-restoration.html,"Hunters Point Clean-up and Bay Restoration: a twenty-level training track, 1590 lessons across 26 stations.",flat,0,,"WebXR/dist/tracks/hunters-point-bay-restoration.html (<title>, meta description, input listeners, element ids)"
Hunters Point Edition — Can We Live? — training track,WebXR/dist/tracks/hunters-point-can-we-live.html,"Hunters Point Edition — Can We Live?: a twenty-level training track, 1615 lessons across 26 stations.",flat,0,,"WebXR/dist/tracks/hunters-point-can-we-live.html (<title>, meta description, input listeners, element ids)"
Insulators and Boilermakers — Building Systems — training track,WebXR/dist/tracks/insulators-and-boilermakers.html,"Insulators and Boilermakers — Building Systems: a twenty-level training track, 1693 lessons across 8 stations.",flat,0,,"WebXR/dist/tracks/insulators-and-boilermakers.html (<title>, meta description, input listeners, element ids)"
Job Readiness Edition — wojrc.org programmes — training track,WebXR/dist/tracks/job-readiness-edition.html,"Job Readiness Edition — wojrc.org programmes: a twenty-level training track, 1593 lessons across 32 stations.",flat,0,,"WebXR/dist/tracks/job-readiness-edition.html (<title>, meta description, input listeners, element ids)"
Live Events Production — training track,WebXR/dist/tracks/live-events.html,"Live Events Production: a twenty-level training track, 1620 lessons across 7 stations.",flat,0,,"WebXR/dist/tracks/live-events.html (<title>, meta description, input listeners, element ids)"
Marine Ecology & Restoration — Survey and Restoration Crews — training track,WebXR/dist/tracks/marine-ecology-and-restoration.html,"Marine Ecology &amp; Restoration — Survey and Restoration Crews: a twenty-level training track, 1521 lessons across 8 stations.",flat,0,,"WebXR/dist/tracks/marine-ecology-and-restoration.html (<title>, meta description, input listeners, element ids)"
Mill and Mine — training track,WebXR/dist/tracks/mill-and-mine.html,"Mill and Mine: a twenty-level training track, 1611 lessons across 8 stations.",flat,0,,"WebXR/dist/tracks/mill-and-mine.html (<title>, meta description, input listeners, element ids)"
Outbreak and Disease Response — WHO and UN Practice — training track,WebXR/dist/tracks/outbreak-response-who.html,"Outbreak and Disease Response — WHO and UN Practice: a twenty-level training track, 1548 lessons across 11 stations.",flat,0,,"WebXR/dist/tracks/outbreak-response-who.html (<title>, meta description, input listeners, element ids)"
Plumbers and Pipefitters — Journeyman Rough-In and Test Block — training track,WebXR/dist/tracks/plumbers-and-pipefitters.html,"Plumbers and Pipefitters — Journeyman Rough-In and Test Block: a twenty-level training track, 1670 lessons across 8 stations.",flat,0,,"WebXR/dist/tracks/plumbers-and-pipefitters.html (<title>, meta description, input listeners, element ids)"
Port and Terminal Operations — training track,WebXR/dist/tracks/port-operations.html,"Port and Terminal Operations: a twenty-level training track, 1660 lessons across 7 stations.",flat,0,,"WebXR/dist/tracks/port-operations.html (<title>, meta description, input listeners, element ids)"
"Ports, Maritime and Bay Ecology — training track",WebXR/dist/tracks/ports-maritime-ecology.html,"Ports, Maritime and Bay Ecology: a twenty-level training track, 1619 lessons across 11 stations.",flat,0,,"WebXR/dist/tracks/ports-maritime-ecology.html (<title>, meta description, input listeners, element ids)"
Postal & Mail Processing Crew — training track,WebXR/dist/tracks/postal-and-mail-processing.html,"Postal &amp; Mail Processing Crew: a twenty-level training track, 1550 lessons across 8 stations.",flat,0,,"WebXR/dist/tracks/postal-and-mail-processing.html (<title>, meta description, input listeners, element ids)"
Property Management — Twenty Zones — training track,WebXR/dist/tracks/property-management.html,"Property Management — Twenty Zones: a twenty-level training track, 1590 lessons across 21 stations.",flat,0,,"WebXR/dist/tracks/property-management.html (<title>, meta description, input listeners, element ids)"
"Railroad Crafts — Track, Car and Cab — training track",WebXR/dist/tracks/railroad-crafts.html,"Railroad Crafts — Track, Car and Cab: a twenty-level training track, 1741 lessons across 8 stations.",flat,0,,"WebXR/dist/tracks/railroad-crafts.html (<title>, meta description, input listeners, element ids)"
Rigging and Lifting — training track,WebXR/dist/tracks/rigging-lifting.html,"Rigging and Lifting: a twenty-level training track, 1580 lessons across 6 stations.",flat,0,,"WebXR/dist/tracks/rigging-lifting.html (<title>, meta description, input listeners, element ids)"
Roofers and Waterproofers — training track,WebXR/dist/tracks/roofers-and-waterproofers.html,"Roofers and Waterproofers: a twenty-level training track, 1680 lessons across 8 stations.",flat,0,,"WebXR/dist/tracks/roofers-and-waterproofers.html (<title>, meta description, input listeners, element ids)"
Screen & Media Crafts — training track,WebXR/dist/tracks/screen-and-media-crafts.html,"Screen &amp; Media Crafts: a twenty-level training track, 1569 lessons across 8 stations.",flat,0,,"WebXR/dist/tracks/screen-and-media-crafts.html (<title>, meta description, input listeners, element ids)"
Sewing and Garment Trades — training track,WebXR/dist/tracks/sewing-garment-trades.html,"Sewing and Garment Trades: a twenty-level training track, 1578 lessons across 11 stations.",flat,0,,"WebXR/dist/tracks/sewing-garment-trades.html (<title>, meta description, input listeners, element ids)"
Situational Awareness — Interruption Drill — training track,WebXR/dist/tracks/situational-awareness.html,"Situational Awareness — Interruption Drill: a twenty-level training track, 1628 lessons across 22 stations.",flat,0,,"WebXR/dist/tracks/situational-awareness.html (<title>, meta description, input listeners, element ids)"
Stationary Engineer — Building Plant — training track,WebXR/dist/tracks/stationary-engineer.html,"Stationary Engineer — Building Plant: a twenty-level training track, 1530 lessons across 7 stations.",flat,0,,"WebXR/dist/tracks/stationary-engineer.html (<title>, meta description, input listeners, element ids)"
Transit and Ramp Operations — training track,WebXR/dist/tracks/transit-ramp.html,"Transit and Ramp Operations: a twenty-level training track, 1600 lessons across 7 stations.",flat,0,,"WebXR/dist/tracks/transit-ramp.html (<title>, meta description, input listeners, element ids)"
Warehouse and Logistics Automation — Teamsters Distribution Floor — training track,WebXR/dist/tracks/warehouse-and-logistics-automation.html,"Warehouse and Logistics Automation — Teamsters Distribution Floor: a twenty-level training track, 1568 lessons across 8 stations.",flat,0,,"WebXR/dist/tracks/warehouse-and-logistics-automation.html (<title>, meta description, input listeners, element ids)"
Water and Gas Utility Crews — Distribution Authority — training track,WebXR/dist/tracks/water-and-gas-utility-crews.html,"Water and Gas Utility Crews — Distribution Authority: a twenty-level training track, 1660 lessons across 8 stations.",flat,0,,"WebXR/dist/tracks/water-and-gas-utility-crews.html (<title>, meta description, input listeners, element ids)"
Wind & Data Infrastructure — training track,WebXR/dist/tracks/wind-and-data-infrastructure.html,"Wind &amp; Data Infrastructure: a twenty-level training track, 1690 lessons across 8 stations.",flat,0,,"WebXR/dist/tracks/wind-and-data-infrastructure.html (<title>, meta description, input listeners, element ids)"
Pathway Edition — wojrc.org — training track,WebXR/dist/tracks/wojrc-pathway-edition.html,"Pathway Edition — wojrc.org: a twenty-level training track, 1592 lessons across 40 stations.",flat,0,,"WebXR/dist/tracks/wojrc-pathway-edition.html (<title>, meta description, input listeners, element ids)"
Yacht & Charter Crew — training track,WebXR/dist/tracks/yacht-and-charter-crew.html,"Yacht &amp; Charter Crew: a twenty-level training track, 1552 lessons across 8 stations.",flat,0,,"WebXR/dist/tracks/yacht-and-charter-crew.html (<title>, meta description, input listeners, element ids)"
