id,abbrev,name,trainingBody,programmes
aaup,AAUP,American Association of University Professors,aaup-training,
aea,Actors' Equity,Actors' Equity Association,aea-training,screen-and-media-crafts
afa-cwa,AFA-CWA,Association of Flight Attendants-CWA,afa-cwa-training,airline-cabin-and-flight-crew
afge,AFGE,American Federation of Government Employees,afge-training,
afl-cio-maritime-trades,MTD (Maritime),"Maritime Trades Department, AFL-CIO",afl-cio-maritime-trades-training,
afl-cio-metal-trades,AFL-CIO MTD,"Metal Trades Department, AFL-CIO",afl-cio-metal-trades-training,
afm,AFM,American Federation of Musicians,afm-training,screen-and-media-crafts
afm-local6,AFM Local 6,American Federation of Musicians Local 6,afm-local6-training,
afsa,AFSA,American Federation of School Administrators,afsa-training,
afscme,AFSCME,"American Federation of State, County and Municipal Employees",afscme-training,air-quality-monitoring; basketball-fundamentals; bay-restoration-maritime-underwater; civic-leadership-and-ei; culinary-kitchen; dental-careers-unspoken-smiles; dental-hygiene-unspoken-smiles; first-responders; grounds-and-landscaping; job-readiness-edition; marine-ecology-and-restoration; outbreak-response-who; wojrc-pathway-edition
afscme-local3299,AFSCME Local 3299,AFSCME Local 3299,afscme-local3299-training,
aft,AFT,American Federation of Teachers,aft-training,education-support-staff
alpa,ALPA,"Air Line Pilots Association, International",alpa-training,airline-cabin-and-flight-crew
amo,AMO,American Maritime Officers,amo-training,
apwu,APWU,American Postal Workers Union,apwu-training,postal-and-mail-processing
atu,ATU,Amalgamated Transit Union,atu-training,transit-ramp
atu-local192,ATU Local 192,Amalgamated Transit Union Local 192,atu-local192-training,
atu-local265,ATU Local 265,Amalgamated Transit Union Local 265,atu-local265-training,
bac,BAC,International Union of Bricklayers and Allied Craftworkers,bac-imi,builders-trades
bac-local3-ca,BAC Local 3 CA,Bricklayers and Allied Craftworkers Local 3 California,bac-local3-ca-training,
bctgm,BCTGM,"Bakery, Confectionery, Tobacco Workers and Grain Millers International Union",bctgm-training,
blet,BLET,Brotherhood of Locomotive Engineers and Trainmen,blet-training,railroad-crafts
bmwed,BMWED,Brotherhood of Maintenance of Way Employes Division,bmwed-training,railroad-crafts
brs,BRS,Brotherhood of Railroad Signalmen,brs-training,
carpenters,UBC,United Brotherhood of Carpenters and Joiners of America,carpenters-ictf,bay-area-union-edition; bay-restoration-maritime-underwater; builders-trades; commercial-diving-and-scientific-scuba; fall-protection; hunters-point-bay-restoration
carpenters-local22,Carpenters Local 22,United Brotherhood of Carpenters Local 22,carpenters-local22-training,
cna,CNA,California Nurses Association,,outbreak-response-who
csea,CSEA,California School Employees Association,csea-training,education-support-staff
cwa,CWA,Communications Workers of America,cwa-training,airline-cabin-and-flight-crew; fall-protection; marine-ecology-and-restoration; screen-and-media-crafts
dpe,DPE,"Department for Professional Employees, AFL-CIO",dpe-training,
fast,FAST,"Food & Allied Service Trades Department, AFL-CIO",fast-training,
fop,FOP,Fraternal Order of Police,,first-responders
iaff,IAFF,International Association of Fire Fighters,iaff-training,confined-space; first-responders; hazmat-environmental; situational-awareness
iam,IAM,International Association of Machinists and Aerospace Workers,iam-winpisinger-center,aviation-maintenance-and-ground; transit-ramp
iatse,IATSE,International Alliance of Theatrical Stage Employees,iatse-training-trust,live-events; rigging-lifting; screen-and-media-crafts
iatse-local16,IATSE Local 16,IATSE Local 16,iatse-local16-training,
ibb,IBB,"International Brotherhood of Boilermakers, Iron Ship Builders, Blacksmiths, Forgers and Helpers",boilermakers-local-549,insulators-and-boilermakers
ibew,IBEW,International Brotherhood of Electrical Workers,ibew-neca-jatc,electrical-first-period; energy-transition; ports-maritime-ecology; situational-awareness; transit-ramp; water-and-gas-utility-crews; wind-and-data-infrastructure
ibew-local1245,IBEW Local 1245,IBEW Local 1245,ibew-local1245-training,
ibew-local595,IBEW Local 595,IBEW Local 595,ibew-local595-training,
ibew-local6,IBEW Local 6,IBEW Local 6,ibew-local6-training,
ibu,IBU,Inlandboatmen's Union of the Pacific,ilwu-pma-training,bay-area-union-edition; bay-restoration-maritime-underwater; hunters-point-bay-restoration; ports-maritime-ecology; yacht-and-charter-crew
ifpte,IFPTE,International Federation of Professional and Technical Engineers,ifpte-training,
ifpte-local21,IFPTE Local 21,IFPTE Local 21,ifpte-local21-training,
ila,ILA,International Longshoremen's Association,ila-training,
ilwu,ILWU,International Longshore and Warehouse Union,ilwu-pma-training,bay-area-union-edition; bay-restoration-maritime-underwater; job-readiness-edition; port-operations; ports-maritime-ecology; rigging-lifting
insulators,IAHFIAW,International Association of Heat and Frost Insulators and Allied Workers,insulators-local-16,insulators-and-boilermakers
ironworkers,IW,"International Association of Bridge, Structural, Ornamental and Reinforcing Iron Workers",ironworkers-impact,bay-area-union-edition; bridge-and-structural; fall-protection; rigging-lifting; situational-awareness; wind-and-data-infrastructure
ironworkers-local377,Ironworkers Local 377,Ironworkers Local 377,ironworkers-local377-training,
iue-cwa,IUE-CWA,"IUE-CWA, the Industrial Division of the Communications Workers of America",iue-cwa-training,
iuec,IUEC,International Union of Elevator Constructors,neiep-training,elevator-constructors
iuec-local8,IUEC Local 8,International Union of Elevator Constructors Local 8,iuec-local8-training,
iuoe,IUOE,International Union of Operating Engineers,iuoe-training,air-quality-monitoring; bay-area-union-edition; bay-restoration-maritime-underwater; bridge-and-structural; builders-trades; confined-space; heavy-equipment-operators; hunters-point-bay-restoration; hunters-point-can-we-live; property-management; rigging-lifting; stationary-engineer; wind-and-data-infrastructure
iuoe-local3,IUOE Local 3,International Union of Operating Engineers Local 3,iuoe-local3-training,bay-restoration-maritime-underwater; hunters-point-bay-restoration
iupat,IUPAT,International Union of Painters and Allied Trades,iupat-fti,bay-area-union-edition; bridge-and-structural; glaziers-and-architectural-metal
iupat-dc16,IUPAT DC 16,IUPAT District Council 16,iupat-dc16-glaziers,glaziers-and-architectural-metal
liuna,LIUNA,Laborers' International Union of North America,liuna-training-fund,air-quality-monitoring; bay-restoration-maritime-underwater; bridge-and-structural; builders-trades; commercial-diving-and-scientific-scuba; confined-space; first-responders; grounds-and-landscaping; hazmat-environmental; hunters-point-bay-restoration; hunters-point-can-we-live; marine-ecology-and-restoration; ports-maritime-ecology; situational-awareness
meba,MEBA,Marine Engineers' Beneficial Association,meba-calhoon-school,bay-area-union-edition; bay-restoration-maritime-underwater; port-operations; yacht-and-charter-crew
mfow,MFOW,Marine Firemen's Union,mfow-training,
mmp,MM&P,"International Organization of Masters, Mates & Pilots",mmp-training,
nabtu,NABTU,North America's Building Trades Unions,nabtu-training,
naemt,NAEMT,National Association of Emergency Medical Technicians,naemt-courses,
nage,NAGE,National Association of Government Employees,,first-responders
nalc,NALC,National Association of Letter Carriers,nalc-training,postal-and-mail-processing
napfe,NAPFE,National Alliance of Postal and Federal Employees,napfe-training,
nasw,NASW,National Association of Social Workers,nasw-code-of-ethics,first-responders
natca,NATCA,National Air Traffic Controllers Association,natca-training,
nea,NEA,National Education Association,nea-training,
newsguild-cwa,TNG-CWA,The NewsGuild-CWA,newsguild-cwa-training,screen-and-media-crafts
nffe,NFFE,National Federation of Federal Employees,nffe-training,
nnu,NNU,National Nurses United,,outbreak-response-who
npmhu,NPMHU,National Postal Mail Handlers Union,npmhu-training,postal-and-mail-processing
nrlca,NRLCA,National Rural Letter Carriers' Association,nrlca-training,
nteu,NTEU,National Treasury Employees Union,nteu-training,
nuhw,NUHW,National Union of Healthcare Workers,nuhw-training,healthcare-support
opcmia,OPCMIA,Operative Plasterers' and Cement Masons' International Association,opcmia-local-300,cement-masons-and-plasterers
pass-union,PASS,Professional Aviation Safety Specialists,pass-union-training,
rwdsu,RWDSU,"Retail, Wholesale and Department Store Union",rwdsu-training,
sag-aftra,SAG-AFTRA,Screen Actors Guild-American Federation of Television and Radio Artists,sag-aftra-training,screen-and-media-crafts
seiu,SEIU,Service Employees International Union,seiu-training,basketball-fundamentals; bay-restoration-maritime-underwater; civic-leadership-and-ei; culinary-kitchen; dental-careers-unspoken-smiles; dental-hygiene-unspoken-smiles; first-responders; grounds-and-landscaping; healthcare-support; job-readiness-edition; marine-ecology-and-restoration; outbreak-response-who; property-management; sewing-garment-trades; wojrc-pathway-edition
seiu-1021,SEIU 1021,SEIU 1021,seiu-1021-training,first-responders; marine-ecology-and-restoration
seiu-uhw,SEIU-UHW,SEIU United Healthcare Workers West,seiu-uhw-training,healthcare-support
seiu-uswtw,SEIU-USWW,SEIU United Service Workers West,seiu-uswtw-training,property-management
siu,SIU,Seafarers International Union,siu-paul-hall-center,bay-area-union-edition; bay-restoration-maritime-underwater; port-operations; yacht-and-charter-crew
smart,SMART,"International Association of Sheet Metal, Air, Rail and Transportation Workers",smart-iti,bay-area-union-edition; railroad-crafts; wind-and-data-infrastructure
smart-local104,SMART Local 104,Sheet Metal Workers Local 104,smart-local104-training,
smart-td,SMART-TD,SMART Transportation Division,smarttd-training,railroad-crafts
spfpa,SPFPA,"International Union, Security, Police and Fire Professionals of America",spfpa-training,
sup,SUP,Sailors' Union of the Pacific,sup-training,
tcu,TCU/IAM,Transportation Communications Union/IAM,tcu-training,
teamsters,IBT,International Brotherhood of Teamsters,teamsters-training,hunters-point-bay-restoration; hunters-point-can-we-live; job-readiness-edition; port-operations; warehouse-and-logistics-automation; wojrc-pathway-edition
ttd,TTD,"Transportation Trades Department, AFL-CIO",ttd-training,
twu,TWU,Transport Workers Union of America,twu-training,aviation-maintenance-and-ground; transit-ramp
twu-local250a,TWU Local 250-A,Transport Workers Union Local 250-A,twu-local250a-training,
ua,UA,United Association of Journeymen and Apprentices of the Plumbing and Pipe Fitting Industry of the United States and Canada,ua-apprenticeship,confined-space; hunters-point-bay-restoration; plumbers-and-pipefitters; situational-awareness; wind-and-data-infrastructure
ua-local483,UA Local 483,UA Road Sprinkler Fitters Local 483,ua-local483-training,
uaw,UAW,"International Union, United Automobile, Aerospace and Agricultural Implement Workers of America",uaw-training,
ufcw,UFCW,United Food and Commercial Workers International Union,ufcw-training,dental-careers-unspoken-smiles; dental-hygiene-unspoken-smiles; grocery-and-meatpacking
ulstd,ULSTD,"Union Label and Service Trades Department, AFL-CIO",ulstd-training,
umwa,UMWA,United Mine Workers of America,umwa-training,mill-and-mine
unac-uhcp,UNAC/UHCP,United Nurses Associations of California/Union of Health Care Professionals,unac-uhcp-training,
unite-here,UNITE HERE,UNITE HERE,unite-here-training,bartending-course; culinary-kitchen; hotel-workers; property-management; sewing-garment-trades
unite-here-local2850,UNITE HERE Local 2850,UNITE HERE Local 2850,unite-here-local2850-training,
upte-cwa,UPTE-CWA,"University Professional and Technical Employees, CWA Local 9119",upte-cwa-training,marine-ecology-and-restoration
urw,URW,"United Union of Roofers, Waterproofers and Allied Workers",roofers-local-40-training,roofers-and-waterproofers
usw,USW,United Steelworkers,usw-mazzocchi-center,air-quality-monitoring; mill-and-mine
usw-local5,USW Local 5,United Steelworkers Local 5,usw-local5-training,
uwua,UWUA,Utility Workers Union of America,uwua-training,water-and-gas-utility-crews
wga-east,WGAE,"Writers Guild of America, East",wga-east-training,
wga-west,WGAW,Writers Guild of America West,wga-west-training,
workers-united,WORKERS UNITED,Workers United,seiu-training,sewing-garment-trades
