name,family,build,meshes,footprint,description,stationCount,unity,source
semiTractor,vehicle,semiTractor,24,3.02 x 3.95 x 6.86,"Class 8 conventional tractor, tandem drive.",2,yes,WebXR/shared/fleet.js semiTractor() doc comment; FLEET_BUDGET
semiTractor:sleeper,vehicle,semiTractor,24,3.02 x 4 x 8.66,"Class 8 conventional tractor, tandem drive.",2,yes,WebXR/shared/fleet.js semiTractor() doc comment; FLEET_BUDGET
trailer:dryVan,vehicle,trailer,14,2.63 x 4.11 x 16.27,Semi-trailer.,3,yes,WebXR/shared/fleet.js trailer() doc comment; FLEET_BUDGET
trailer:flatbed,vehicle,trailer,13,2.66 x 1.53 x 14.69,Semi-trailer.,3,yes,WebXR/shared/fleet.js trailer() doc comment; FLEET_BUDGET
trailer:reefer,vehicle,trailer,17,2.63 x 4.11 x 16.7,Semi-trailer.,3,yes,WebXR/shared/fleet.js trailer() doc comment; FLEET_BUDGET
trailer:tanker,vehicle,trailer,14,2.63 x 3.26 x 12.94,Semi-trailer.,3,yes,WebXR/shared/fleet.js trailer() doc comment; FLEET_BUDGET
trailer:pup,vehicle,trailer,13,2.63 x 4.11 x 8.65,Semi-trailer.,3,yes,WebXR/shared/fleet.js trailer() doc comment; FLEET_BUDGET
tractorTrailer,vehicle,tractorTrailer,38,3.02 x 4.11 x 20.71,"A coupled tractor-trailer: `opts.cab` and `opts.trailer` pick the pieces, the trailer's kingpin sits over the fifth wheel.",7,yes,WebXR/shared/fleet.js tractorTrailer() doc comment; FLEET_BUDGET
boxTruck,vehicle,boxTruck,21,3.02 x 4.05 x 10,Class 6 box truck: conventional cab and a 26 ft dry box with a roll-up rear door.,3,yes,WebXR/shared/fleet.js boxTruck() doc comment; FLEET_BUDGET
pickup,vehicle,pickup,17,2.39 x 1.93 x 5.92,"Full-size crew-cab pickup, 5.9 m × 2.03 m × 1.95 m, 1.65 m bed.",11,yes,WebXR/shared/fleet.js pickup() doc comment; FLEET_BUDGET
sedan,vehicle,sedan,17,2.23 x 1.45 x 4.92,"Mid-size sedan, 4.9 m × 1.85 m × 1.45 m.",10,yes,WebXR/shared/fleet.js sedan() doc comment; FLEET_BUDGET
cargoVan,vehicle,cargoVan,18,2.41 x 2.72 x 5.99,"High-roof full-size cargo van, 5.93 m × 2.05 m × 2.75 m.",5,yes,WebXR/shared/fleet.js cargoVan() doc comment; FLEET_BUDGET
deliveryVan,vehicle,deliveryVan,18,2.41 x 2.42 x 4.66,"Right-hand-drive walk-in delivery van, 4.6 m × 2.02 m × 2.42 m, the carrier's own kind of postal delivery vehicle rather than any manufacturer's: the driver's seat is on the kit's -x side and the single wide door slides open on that same side, so a carrier working a route of curbside boxes steps straight onto the curb without ever crossing behind or in front of the van into the travel lane.",3,yes,WebXR/shared/fleet.js deliveryVan() doc comment; FLEET_BUDGET
ambulance,vehicle,ambulance,25,2.62 x 3.13 x 7.06,"Type III ambulance: cutaway van cab and a modular patient box, 7.0 m × 2.4 m × 3.0 m.",2,yes,WebXR/shared/fleet.js ambulance() doc comment; FLEET_BUDGET
fireEngine,vehicle,fireEngine,28,3.2 x 3.23 x 10.25,Pumper fire engine on a custom cab: 10.2 m × 2.5 m × 3.3 m.,0,yes,WebXR/shared/fleet.js fireEngine() doc comment; FLEET_BUDGET
bucketTruck,vehicle,bucketTruck,32,3.3 x 3.44 x 9.6,Insulated aerial device on a Class 7 utility body: 9.6 m × 2.5 m × 3.7 m stowed.,0,yes,WebXR/shared/fleet.js bucketTruck() doc comment; FLEET_BUDGET
busTransit,vehicle,busTransit,16,3.3 x 3.26 x 12.42,40 ft low-floor transit bus: 12.2 m × 2.59 m × 3.25 m to the roof pod.,2,yes,WebXR/shared/fleet.js busTransit() doc comment; FLEET_BUDGET
schoolBus,vehicle,schoolBus,33,3.16 x 3.1 x 10.79,"Yellow school bus, Type C conventional: a truck-chassis hood and cab ahead of a bench-seat body, one continuous roofline, National School Bus Glossy Yellow with a black roof cap and skirt, ""SCHOOL BUS"" lettered on the side and rear.",1,yes,WebXR/shared/fleet.js schoolBus() doc comment; FLEET_BUDGET
forkliftCounterbalance,vehicle,forkliftCounterbalance,21,1.12 x 2.28 x 3.57,"Counterbalance forklift, 5,000 lb LPG class: 2.3 m truck + 1.07 m forks, 1.15 m wide, overhead guard 2.15 m, mast lowered 2.1 m.",9,yes,WebXR/shared/fleet.js forkliftCounterbalance() doc comment; FLEET_BUDGET
yardHustler,vehicle,yardHustler,19,2.91 x 3.43 x 5.61,"Terminal tractor (yard hustler): single-seat cab offset to the left, lifting fifth wheel, rear catwalk.",4,yes,WebXR/shared/fleet.js yardHustler() doc comment; FLEET_BUDGET
workboat,boat,workboat,16,3.15 x 3.45 x 8.18,"Small aluminium workboat: 7.6 m × 2.6 m, keel at y 0, wheelhouse to 3.1 m with mast.",16,yes,WebXR/shared/fleet.js workboat() doc comment; FLEET_BUDGET
motorYacht,boat,motorYacht,35,6.72 x 8.01 x 24.23,"Mid-size motor yacht: 24 m × 6 m, keel at y 0, main deck at 2.4 m, flybridge at 4.7 m, radar arch and mast light to 8 m.",6,yes,WebXR/shared/fleet.js motorYacht() doc comment; FLEET_BUDGET
yachtTender,boat,yachtTender,15,1.89 x 1.52 x 4.55,"Rigid inflatable yacht tender: 4.2 m × 1.9 m, keel at y 0, tubes to 0.75 m, console to 1.2 m, one outboard on the transom.",1,yes,WebXR/shared/fleet.js yachtTender() doc comment; FLEET_BUDGET
skiff,boat,skiff,17,2.11 x 1.79 x 5.69,"Aluminium centre-console skiff: 5.2 m × 2.0 m, keel at y 0, gunwale at about 0.8 m, console and grab rail to 1.4 m, one outboard on the transom.",13,yes,WebXR/shared/fleet.js skiff() doc comment; FLEET_BUDGET
deckBarge,boat,deckBarge,13,6.24 x 2.7 x 16,"Flat steel deck barge, 16 m × 6 m × 1.8 m deep, raked both ends, four double bitts and a side ladder; `opts.kind: ""hopper""` adds a lined sediment hopper — a coaming round the hold with a watertight liner and a load that a station raises as it fills (`load.scale.y`).",2,yes,WebXR/shared/fleet.js deckBarge() doc comment; FLEET_BUDGET
deckBarge:hopper,boat,deckBarge,16,6.24 x 3.1 x 16,"Flat steel deck barge, 16 m × 6 m × 1.8 m deep, raked both ends, four double bitts and a side ladder; `opts.kind: ""hopper""` adds a lined sediment hopper — a coaming round the hold with a watertight liner and a load that a station raises as it fills (`load.scale.y`).",2,yes,WebXR/shared/fleet.js deckBarge() doc comment; FLEET_BUDGET
salvageCraneBarge,boat,salvageCraneBarge,30,7.24 x 13.59 x 18,"Salvage crane barge: an 18 m spud barge carrying a revolving lattice-boom crane aft, its boom luffed over the bow.",2,yes,WebXR/shared/fleet.js salvageCraneBarge() doc comment; FLEET_BUDGET
skimmerVessel,boat,skimmerVessel,20,4.22 x 4.1 x 12.21,"Debris and oil skimming vessel: an 11 m aluminium catamaran with a bow conveyor that lowers into the water and carries floating debris up into a collection basket, two sweep arms that swing out to funnel a slick or a trash line to the bow, a recovered-product tank with its hatch, and the wheelhouse aft.",1,yes,WebXR/shared/fleet.js skimmerVessel() doc comment; FLEET_BUDGET
deckCrane,boat,deckCrane,12,0.95 x 4.58 x 4.65,"Marine knuckle-boom deck crane, pedestal mounted, for a workboat's or a barge's deck: slewing column, main boom, knuckle jib and hook on its fall, with the operator's lever bank on the pedestal.",1,yes,WebXR/shared/fleet.js deckCrane() doc comment; FLEET_BUDGET
derelictBoat,boat,derelictBoat,12,2.99 x 3.9 x 9,"A derelict fibreglass sailboat, 9 m, dismasted, the kind that drags its anchor onto a mudflat or sinks at a mooring: faded gelcoat, a band of marine growth at the waterline, a stump of mast, open companionway, bow and stern cleats, a fuel vent on the quarter, and two marked sling points where a salvage rigger passes the lifting slings.",1,yes,WebXR/shared/fleet.js derelictBoat() doc comment; FLEET_BUDGET
spudBarge,boat,spudBarge,20,6.38 x 6.72 x 12.2,"Sectional spud barge, the small flat-deck work barge a bay restoration job floats an excavator or a sediment load on: three bolted sections, 12.2 m by 6.1 m by 1.5 m deep, a raked bow at +Z, a sealed spill coaming round the deck so wet sediment drains to the deck's own sump rather than over the side, two spud wells at the stern with their spuds (raised; lower them by moving each spud's y down by up to `userData.lift`), four mooring bitts and sidelights for when a tug has it alongside.",4,yes,WebXR/shared/fleet.js spudBarge() doc comment; FLEET_BUDGET
rov,boat,rov,9,0.62 x 0.55 x 1.01,"Observation-class ROV: 0.9 m long, 0.62 m wide, 0.5 m tall, an open aluminium frame under a yellow syntactic-foam flotation block, a camera dome forward, two LED lamps beside it, four thrusters (two horizontal aft, two vertical), a single-function manipulator jaw forward-low and a tether termination on top.",1,yes,WebXR/shared/fleet.js rov() doc comment; FLEET_BUDGET
