name,page,bounds,zones,sites,landmarks,routes,meshBudget,quests,eggs,activities,source
Bay World,WebXR/dist/bayworld.html,"x -1200..1200, z -800..800",16,50,28,15 roads,100-3600,113,34,6,WebXR/shared/bayworld-data.js; WebXR/bayworld/js/quests-data.js
The Deep,WebXR/dist/underwater.html,"x -1000..1000, z -700..700",14,32,25,17 lines,100-1400,40,24,4,WebXR/shared/underwater-data.js; WebXR/underwater/js/dives-data.js
Fairway Park,WebXR/dist/fairway.html,"x -300..300, z -50..350",8,9 holes,,par 36 over 9 holes,130-900,,,,WebXR/shared/fairway-data.js
Bay Regatta,WebXR/dist/regatta.html,"x -1200..1200, z -800..800",4,12 yachts,,3 courses,,,,5,WebXR/shared/yacht-fleet.js; WebXR/regatta/js/courses.js; WebXR/regatta/js/events.js; bounds from WebXR/shared/bayworld-data.js
golden-gate-deck (scenic district),WebXR/dist/smartcity-x.html,,,,,,120,,,,"WebXR/smartcity/js/districts.js DISTRICTS (plaza: false), SCENIC_BUDGET"
bay-underwater (scenic district),WebXR/dist/smartcity-x.html,,,,,,120,,,,"WebXR/smartcity/js/districts.js DISTRICTS (plaza: false), SCENIC_BUDGET"
gym-court (scenic district),WebXR/dist/smartcity-x.html,,,,,,120,,,,"WebXR/smartcity/js/districts.js DISTRICTS (plaza: false), SCENIC_BUDGET"
open-range (scenic district),WebXR/dist/smartcity-x.html,,,,,,120,,,,"WebXR/smartcity/js/districts.js DISTRICTS (plaza: false), SCENIC_BUDGET"
fairway-park (scenic district),WebXR/dist/smartcity-x.html,,,,,,120,,,,"WebXR/smartcity/js/districts.js DISTRICTS (plaza: false), SCENIC_BUDGET"
bay-world (scenic district),WebXR/dist/smartcity-x.html,,,,,,120,,,,"WebXR/smartcity/js/districts.js DISTRICTS (plaza: false), SCENIC_BUDGET"
the-deep (scenic district),WebXR/dist/smartcity-x.html,,,,,,120,,,,"WebXR/smartcity/js/districts.js DISTRICTS (plaza: false), SCENIC_BUDGET"
